acc_x,acc_y,angular_z,stamp
0.0070950984954833984,0.009599804878234863,4.957035345154225e-07,1791554305549853703
0.028636395931243896,0.009387016296386719,1.4833274454941507e-06,1791554305579986883
0.005017459392547607,0.0022124648094177246,4.903797428883155e-07,1791554305610369603
-0.018602609634399414,0.0018696784973144531,4.555268861224593e-07,1791554305643086835
-0.008089184761047363,0.005668699741363525,1.1039051141850986e-06,1791554305670089606
0.020622193813323975,0.01262807846069336,4.979743073721039e-07,1791554305700024593
0.008000969886779785,-0.0022420883178710938,2.147944643034218e-10,1791554305730055417
-0.012030422687530518,-0.000269472599029541,2.1617044710207525e-10,1791554305760044366
-0.015621960163116455,-0.0023201704025268555,2.323528866725651e-10,1791554305790087423
0.009421586990356445,-0.018471121788024902,1.7618734469896328e-10,1791554305820127243
0.014860272407531738,-0.004475891590118408,1.310625234393136e-10,1791554305850373168
-0.022925376892089844,0.007797658443450928,9.170099633015574e-11,1791554305882273270
-0.015779614448547363,-0.006664097309112549,5.906990278008387e-11,1791554305912477544
-0.004649519920349121,0.02365785837173462,-3.9399324015941917e-07,1791554305950295270
0.004403054714202881,0.012754738330841064,2.25594993252923e-12,1791554305980317301
0.009582340717315674,-0.0056288838386535645,-4.583141420759872e-07,1791554306042930250
0.00042438507080078125,0.015742957592010498,-7.451929187998145e-11,1791554306072577883
-0.020524442195892334,0.020217597484588623,-5.343803083588802e-07,1791554306100464964
0.042516469955444336,0.004040062427520752,-5.55992371889138e-05,1791554306130478247
0.2582286596298218,0.11413252353668213,0.020123349097849668,1791554306153862388
1.2119587659835815,0.11105424165725708,0.20344568595095158,1791554306190595399
0.9519721269607544,-0.10246807336807251,0.20297278075560335,1791554306220641997
0.38950014114379883,-0.10754692554473877,0.19820585376522393,1791554306250618393
0.7572962045669556,0.09344542026519775,0.21435850085450123,1791554306282761214
0.6674943566322327,0.07260453701019287,0.26243135783471383,1791554306313115061
0.757300078868866,0.13415884971618652,0.32996906353246025,1791554306341052664
0.6193113923072815,0.06272900104522705,0.37607130605194133,1791554306370759485
0.7722578644752502,0.15801763534545898,0.3467281542324234,1791554306394054097
-0.002163827419281006,0.3419475555419922,0.47398369631791926,1791554306420914808
-0.19833898544311523,-0.14282763004302979,0.37123504228894755,1791554306450885690
-0.0826978087425232,-0.08775383234024048,0.31009352058656126,1791554306480886956
-0.3732619285583496,0.19261479377746582,0.33972804982341454,1791554306511186006
-0.46818363666534424,-0.00415647029876709,0.3840751692760764,1791554306540947025
0.09473854303359985,0.21101254224777222,0.3984106971117994,1791554306570981589
-0.09216195344924927,-0.06138235330581665,0.36265557737563614,1791554306603026767
-0.030922293663024902,0.042484939098358154,0.3829830259575468,1791554306633639763
0.18488407135009766,0.22614938020706177,0.4469672827326796,1791554306661151610
-0.010806620121002197,0.11421531438827515,0.3671820119232104,1791554306682650685
0.01185983419418335,-0.04311525821685791,0.3579951729424911,1791554306714594377
-0.1021987795829773,0.12176847457885742,0.4325010138244772,1791554306741485912
-0.2212146520614624,-0.004773259162902832,0.4316887918398945,1791554306770343099
0.5117040276527405,0.0031257271766662598,0.4397412743718332,1791554306800338372
-0.0014982819557189941,0.2708853483200073,0.4009688901359432,1791554306831281710
-0.06456291675567627,-0.3274231553077698,0.400197828609933,1791554306861372524
0.4044029712677002,0.2928200364112854,0.41575526946062785,1791554306891418406
-0.1803649663925171,0.33183127641677856,0.3866543210132285,1791554306923119340
0.2856374979019165,-0.30444473028182983,0.40019317286513545,1791554306953339928
0.13948959112167358,0.39851510524749756,0.41387064011386715,1791554306981467856
0.5862468481063843,0.03229469060897827,0.4169343037344488,1791554307021524593
-0.46390271186828613,0.4285857081413269,0.40530962850029845,1791554307051534554
0.23401767015457153,-0.02401202917098999,0.37117046551716715,1791554307082982769
0.14328128099441528,-0.08470195531845093,0.39763104968577473,1791554307114709812
-0.35761117935180664,-0.037856340408325195,0.4502037174724455,1791554307140663876
0.26284050941467285,-0.05917578935623169,0.40680124329285167,1791554307171750106
0.212030827999115,0.4397720694541931,0.4060155942430659,1791554307201767668
0.03316771984100342,0.18094408512115479,0.3802073098374668,1791554307221775066
-0.006889402866363525,-0.019398629665374756,0.41276591313971417,1791554307261797532
0.1692448854446411,0.25955551862716675,0.39851453697325795,1791554307291880388
-0.1926921010017395,0.1207132339477539,0.41173605343254255,1791554307322391454
-0.5082728266716003,-0.05326896905899048,0.3709196328876992,1791554307354306586
0.3805540204048157,0.08724021911621094,0.40765822957906084,1791554307381358218
-0.2582414150238037,0.009572267532348633,0.39403789466993133,1791554307411936178
0.422390341758728,-0.07550942897796631,0.42428025974306055,1791554307441969820
-0.16107654571533203,0.44801294803619385,0.4251155728919117,1791554307472045037
-0.10239452123641968,-0.18934035301208496,0.3808977754964292,1791554307502073886
-0.15685999393463135,-0.17912840843200684,0.40605827613713247,1791554307531420495
-0.4493643045425415,0.34931039810180664,0.3644129586407084,1791554307563009197
-1.2818939685821533,0.03811156749725342,0.2849894579321379,1791554307594503708
-1.0295650959014893,-0.42065852880477905,0.25652577518915354,1791554307622248585
-0.9159786701202393,0.04420894384384155,0.18650239571852723,1791554307653050093
-0.5928574204444885,0.09668081998825073,0.14474764432088194,1791554307682895980
-0.4557619094848633,-0.18422996997833252,0.09744943638615333,1791554307712922230
-0.8224204778671265,-0.11078417301177979,0.07405444280164233,1791554307742955666
-0.17079079151153564,0.010084033012390137,0.02258416571528758,1791554307774279560
-0.022854387760162354,0.07193869352340698,-0.0289926003290332,1791554307802985381
0.36156564950942993,0.05494499206542969,-0.018430006255359337,1791554307834671988
-0.018640458583831787,-0.036642253398895264,-0.0127409623983109,1791554307864950025
0.36595284938812256,-0.03252595663070679,0.005423071729207323,1791554307893073930
1.0379517078399658,0.4454762935638428,0.06922161291517762,1791554307922971093
1.5267176628112793,0.030289649963378906,0.14844574915844627,1791554307945158914
0.8483626842498779,0.24574905633926392,0.19228015402642204,1791554307973189829
1.0389140844345093,-0.12956255674362183,0.2155302985486583,1791554308002983805
0.6502794027328491,0.08098214864730835,0.243407657168589,1791554308043150947
0.877679705619812,0.35909414291381836,0.28292311248911817,1791554308075086737
0.7181548476219177,0.12109345197677612,0.3429086360925074,1791554308105550843
0.3884597420692444,-0.3773493766784668,0.44365189056923765,1791554308132478884
0.02436375617980957,0.1265050172805786,0.4052634100515361,1791554308173167415
-0.3138388395309448,-0.02972644567489624,0.4212062004919328,1791554308203073967
-0.13042432069778442,0.4212132692337036,0.42025260232177547,1791554308234389370
-0.24005144834518433,-0.06268751621246338,0.423141458331595,1791554308266290122
-0.2917112708091736,-0.282487690448761,0.503744652336902,1791554308293595662
0.001104116439819336,-0.016638219356536865,0.43668490624551065,1791554308323579943
-0.24692916870117188,-0.03017103672027588,0.36967718871697997,1791554308363231545
0.07392406463623047,0.07987499237060547,0.3511852647206229,1791554308395180729
0.2964986562728882,-0.01569467782974243,0.39687876470275624,1791554308425306447
-0.08260446786880493,0.33867353200912476,0.4182651433858757,1791554308453669413
0.14984488487243652,-0.014880537986755371,0.3952171644290657,1791554308483301255
-0.07411545515060425,0.19330239295959473,0.36348966472687194,1791554308513406105
0.06899970769882202,-0.004974544048309326,0.37645988566047794,1791554308533443827
-0.004530966281890869,-0.10754400491714478,0.40102126445913006,1791554308563805667
-0.10675698518753052,0.28600454330444336,0.4428555726896228,1791554308592338569
0.17142915725708008,0.20531409978866577,0.39272975790610953,1791554308622355821
-0.35002601146698,-0.08516186475753784,0.3511496130245616,1791554308653473943
0.1623658537864685,0.19656604528427124,0.403921865756845,1791554308683435417
0.020197510719299316,-0.1552146077156067,0.39278610181794316,1791554308714815419
-0.021435081958770752,0.18692761659622192,0.3577561023685429,1791554308747080152
0.18201881647109985,0.2862979769706726,0.44737112167360793,1791554308773727677
-0.017795026302337646,0.20048290491104126,0.3899952454011264,1791554308813614228
-0.1277010440826416,-0.07622653245925903,0.4078852297519836,1791554308843779210
-0.07501405477523804,-0.028422832489013672,0.39196381050888185,1791554308874379916
-0.08747327327728271,-0.07400447130203247,0.40280988620409985,1791554309114393738
-0.05405706167221069,0.2347480058670044,0.3962721276069161,1791554309146451178
-0.09374916553497314,0.315693199634552,0.4321762222564378,1791554309174091129
-0.1923028826713562,-0.28814470767974854,0.41034964187040385,1791554309204157818
-0.024574339389801025,0.3203524947166443,0.40241465793639813,1791554309234132144
0.20034003257751465,0.23513615131378174,0.4014598087257137,1791554309264088685
-0.204670250415802,-0.1920188069343567,0.39508552493615473,1791554309294178175
-0.00350874662399292,0.12543147802352905,0.415015555817788,1791554309324195273
-0.09538352489471436,0.17556995153427124,0.4171821825838388,1791554309354805499
0.0520627498626709,-0.018964052200317383,0.3677626579069758,1791554309386407267
0.22853010892868042,0.046256184577941895,0.4389418017544441,1791554309413330397
-0.24865508079528809,0.09766757488250732,0.38118141683293677,1791554309444301666
0.18055486679077148,-0.06491219997406006,0.37473192177239245,1791554309474544204
-0.23175638914108276,0.008098602294921875,0.3858131132776454,1791554309503357015
-0.11422210931777954,0.39399075508117676,0.3550222747525455,1791554309534434876
-0.1916203498840332,-0.15754401683807373,0.4214480208967969,1791554309564483503
0.25810182094573975,0.2126302719116211,0.4188919445694832,1791554309594815395
-0.08674472570419312,0.1767256259918213,0.3821758366110027,1791554309626762610
0.21321743726730347,-0.208587646484375,0.3979334741963808,1791554309656881328
-0.15374678373336792,0.15658986568450928,0.41496845618009304,1791554309684616160
0.08824235200881958,0.14005756378173828,0.3914726740916119,1791554309714644424
0.08520615100860596,0.03598737716674805,0.3411567309282115,1791554309738230083
-0.10480022430419922,0.24675947427749634,0.4488705206488234,1791554309774711523
-0.19609153270721436,-0.17754870653152466,0.40764832530808015,1791554309804968016
0.05175203084945679,-0.047850072383880615,0.39103018742396994,1791554309834842995
-0.1024581789970398,0.23152613639831543,0.3918335305399343,1791554309897406047
0.14654529094696045,-0.06857401132583618,0.45977258643939584,1791554309925287124
-0.07625937461853027,0.24366605281829834,0.4215937907532075,1791554309954918295
-0.062070369720458984,0.13229608535766602,0.3126374468610535,1791554309977649238
0.11403989791870117,-0.04726994037628174,0.3881550677995338,1791554310005486513
-0.27422207593917847,-0.26130759716033936,0.3665660210441616,1791554310026482816
0.17283505201339722,0.20286774635314941,0.40053642077220125,1791554310057922972
0.22876685857772827,0.398349404335022,0.4554071672041048,1791554310085186181
-0.3744736909866333,-0.23116326332092285,0.3830211618085926,1791554310115117067
0.2827359437942505,0.06370866298675537,0.40319216631989896,1791554310145146068
-0.05641824007034302,0.3765133023262024,0.39517536666249026,1791554310175176082
0.4016345143318176,-0.06240057945251465,0.4048793732496123,1791554310204337604
0.19257593154907227,0.014576196670532227,0.4199569656256051,1791554310234349061
-0.6633439064025879,-0.042182326316833496,0.36602648000241045,1791554310266692554
0.33410340547561646,0.11247748136520386,0.3745929753537156,1791554310298828002
-0.21468746662139893,0.3768754005432129,0.426812541008315,1791554310325764542
0.008753299713134766,-0.13131165504455566,0.4053069958752748,1791554310355368788
0.2162773609161377,0.14164042472839355,0.3457652777787458,1791554310379155900
0.024321317672729492,-0.08151060342788696,0.4304892689541594,1791554310415553655
0.31429189443588257,0.3769683837890625,0.40500735922839354,1791554310445457799
-0.2975202202796936,-0.0469588041305542,0.3623480371478566,1791554310475529706
0.40944796800613403,-0.13971823453903198,0.3797003773357617,1791554310506887328
-0.13431674242019653,0.30459433794021606,0.39369773183507084,1791554310538706056
-0.05683976411819458,-0.006883561611175537,0.4414036902305203,1791554310565672339
0.2050899863243103,-0.05072915554046631,0.41375669312438984,1791554310595661591
-0.042076289653778076,0.1627638339996338,0.38640854014073855,1791554310625731609
0.027305126190185547,-0.01575922966003418,0.3928480488175437,1791554310655722808
0.056291162967681885,0.23405933380126953,0.4066686536191897,1791554310685744543
0.3153737187385559,0.1860848069190979,0.42533206777390087,1791554310715794237
-0.17527049779891968,-0.22035503387451172,0.4012553167221113,1791554310746794325
-0.09005159139633179,0.0864877700805664,0.3783179075949862,1791554310778509931
-0.12104910612106323,0.20397967100143433,0.43761735167953597,1791554310815917858
-0.2637326717376709,-0.09564417600631714,0.3779082567221243,1791554310845961483
0.21904915571212769,0.19134259223937988,0.3817895366242771,1791554310876002877
-0.0819128155708313,-0.05949479341506958,0.36059572055616523,1791554310938776339
-0.09810441732406616,-0.07933896780014038,0.4248750696089547,1791554310966215466
0.3268224000930786,0.3893892168998718,0.39655594966072205,1791554310996109218
-0.1052480936050415,0.19246512651443481,0.40345751590415035,1791554311036427673
0.22402918338775635,0.1638973355293274,0.38420563284769976,1791554311066506738
-0.3164966106414795,-0.05458027124404907,0.37117303774631033,1791554311098962832
-0.15376514196395874,0.1361159086227417,0.4426352463095481,1791554311136299312
-0.11069989204406738,0.04296356439590454,0.4067564929614442,1791554311166313854
0.18873530626296997,0.06376439332962036,0.41590668404016967,1791554311195352014
-0.13285410404205322,0.2075718641281128,0.3845821610842585,1791554311226588896
0.2081906795501709,-0.17899459600448608,0.387502568266988,1791554311258568429
-0.021026253700256348,0.23705017566680908,0.4334985289506744,1791554311286570732
-0.06873983144760132,0.15723967552185059,0.41004166356986355,1791554311316480111
-0.09940725564956665,-0.018519461154937744,0.3830966118574114,1791554311346509384
0.09290391206741333,-0.007283926010131836,0.3888388470583432,1791554311376584668
0.16073495149612427,0.08564025163650513,0.40940697919864166,1791554311406641245
-0.18446898460388184,0.023812055587768555,0.37170753982128785,1791554311436678605
0.1438261866569519,-0.043914973735809326,0.36848405523554884,1791554311466905220
-0.02339339256286621,0.05768728256225586,0.3730760086948414,1791554311498602060
0.5298172831535339,0.07696610689163208,0.4322930773082428,1791554311527538384
-0.15876108407974243,0.041245341300964355,0.4050119026453613,1791554311556755237
-0.16758286952972412,0.04487919807434082,0.3436403469914305,1791554311578666046
0.0621606707572937,-0.04698455333709717,0.4027620730472223,1791554311608972668
0.06578207015991211,0.2611185312271118,0.418905565097566,1791554311726970743
-0.2655515670776367,-0.24412482976913452,0.4397697333619807,1791554311757050333
-0.025361597537994385,0.369590699672699,0.3960984211454852,1791554311787055745
0.14712613821029663,0.17423105239868164,0.3382690103159845,1791554311819113720
-0.1790136694908142,-0.3565947413444519,0.35793237992328475,1791554311850201065
0.07930666208267212,0.08815991878509521,0.4451318628394215,1791554311877311795
0.2450723648071289,0.6007738709449768,0.43718356455405755,1791554311907198472
-0.5434035062789917,-0.22200226783752441,0.38910671788102663,1791554311937320476
0.3824360966682434,-0.14714670181274414,0.37856855562471176,1791554311967377448
-0.43648791313171387,0.21441388130187988,0.3836426379965848,1791554311997292795
0.29446762800216675,0.06564891338348389,0.4063751519635305,1791554312026345772
-0.04617279767990112,0.04552006721496582,0.3987521060459905,1791554312058597042
-0.048233866691589355,0.20681601762771606,0.36363737791693235,1791554312091022225
0.1677643060684204,-0.08904284238815308,0.438353137834398,1791554312118173516
-0.06570219993591309,-0.02982991933822632,0.4175744213075126,1791554312178186156
-0.0887230634689331,-0.21009033918380737,0.42190631527207695,1791554312208098679
0.03274369239807129,-0.015960633754730225,0.4052640419528422,1791554312238270458
0.4217597246170044,0.46771568059921265,0.41043865867773227,1791554312268143535
-0.20098334550857544,-0.1087188720703125,0.37544261584781574,1791554312298588941
0.0740346908569336,-0.10929185152053833,0.37839424867865995,1791554312330808070
-0.00815659761428833,0.08933627605438232,0.44804741928487546,1791554312358232960
-0.04531991481781006,-0.026136696338653564,0.3716350140878584,1791554312378558769
0.1685267686843872,0.24898594617843628,0.33724974362911453,1791554312411136775
-0.3047614097595215,-0.08804279565811157,0.3979106285521567,1791554312438280667
0.2702062726020813,0.12561476230621338,0.3832120152577976,1791554312469163568
-0.08323830366134644,0.1358858346939087,0.42955046212834463,1791554312498606100
0.1034441590309143,0.06463533639907837,0.40312398253033244,1791554312528255542
-0.11588680744171143,-0.23107784986495972,0.4138373876770388,1791554312557450128
0.06718230247497559,0.3432009220123291,0.38050598329085317,1791554312588280109
0.008854508399963379,0.1528022289276123,0.3697770647000359,1791554312618602488
0.0998106598854065,-0.3082505464553833,0.3566717551800427,1791554312651414886
-0.25142359733581543,0.2876594662666321,0.44604711607577313,1791554312678439956
0.17699450254440308,0.028056085109710693,0.41447844848344495,1791554312708376040
-0.11936181783676147,0.12594270706176758,0.40942113291119286,1791554312738474286
0.04382824897766113,0.20382612943649292,0.4167125165418919,1791554312768522199
-0.2690584063529968,-0.4064455032348633,0.40559478115864156,1791554312798876530
0.2404766082763672,0.10065346956253052,0.39168523771735314,1791554312828498859
0.13105744123458862,0.3563374876976013,0.3966758347228143,1791554312858614442
0.12385600805282593,0.13080567121505737,0.3426570714662979,1791554312890755747
-0.036676108837127686,-0.2051827311515808,0.42189612381530583,1791554312918560809
-0.3816991448402405,-0.04602503776550293,0.3982430878057144,1791554312948795121
0.39159655570983887,0.2566576600074768,0.41850572182544404,1791554312978580259
-0.020009279251098633,0.12306880950927734,0.39992604978801854,1791554313008621045
0.1442531943321228,0.07699131965637207,0.37395238130055486,1791554313038983432
-0.10864150524139404,-0.1948748230934143,0.41184659923982103,1791554313068947869
0.31669872999191284,0.4676627516746521,0.3975655501388844,1791554313099212776
-0.10533887147903442,0.1024479866027832,0.37591451886431443,1791554313131180503
-0.4236573576927185,-0.054140567779541016,0.4143612355438862,1791554313158740053
0.0013263225555419922,-0.10944932699203491,0.38175441984041103,1791554313188647196
0.27497875690460205,0.20498424768447876,0.404989512874608,1791554313219533536
-0.3578435182571411,0.022812068462371826,0.40408283716367405,1791554313248750532
0.3791327476501465,-0.04614657163619995,0.40010457535582,1791554313278780344
0.008841454982757568,0.09868019819259644,0.37725741560195725,1791554313308805759
-0.06903660297393799,-0.04662197828292847,0.36444842702148383,1791554313339413651
0.17214316129684448,0.15419679880142212,0.39684358729797137,1791554313370774693
-0.46412408351898193,0.06019330024719238,0.40599951808581747,1791554313398960594
0.2834693193435669,-0.364194393157959,0.39712884566925555,1791554313428958590
-0.12427884340286255,0.47869759798049927,0.3920467867146299,1791554313457984771
0.3055325150489807,0.028306186199188232,0.38925813389171415,1791554313489025227
0.0706520676612854,-0.027005374431610107,0.4058797597043246,1791554313519051644
0.01814591884613037,-0.14116573333740234,0.38336455312318996,1791554313549300589
-0.32689017057418823,-0.03509014844894409,0.40446738001362825,1791554313579157213
0.12598705291748047,0.27155882120132446,0.3651938956834297,1791554313610723481
0.09032338857650757,0.10978066921234131,0.4322322128662279,1791554313639271342
0.15583515167236328,-0.06292390823364258,0.4028717410030369,1791554313669276973
0.020091354846954346,-0.05829465389251709,0.4243203452088225,1791554313699279835
0.12210434675216675,0.3653353452682495,0.4280010116107692,1791554313729285748
-0.4132527709007263,0.027074337005615234,0.4083225091941149,1791554313758363626
0.25337648391723633,-0.07871979475021362,0.3891550817771167,1791554313788337163
-0.18657296895980835,0.08748817443847656,0.38949372852211667,1791554313819396941
0.298628568649292,0.13090527057647705,0.3912798761400412,1791554313850400348
0.2857494354248047,-0.011300325393676758,0.3804366916590483,1791554313882611684
-0.1846381425857544,0.10730224847793579,0.44360896812617706,1791554313909621147
0.06866949796676636,-0.08667343854904175,0.4056236479022164,1791554313939531521
0.15461033582687378,0.06224566698074341,0.39096543764056796,1791554313969586721
-0.06354022026062012,0.2499864101409912,0.3918596888864748,1791554313999589587
-0.2410333752632141,-0.18384402990341187,0.36826323411997264,1791554314043467504
0.08289545774459839,0.407073438167572,0.42426865720501544,1791554314079828806
0.07451224327087402,-0.2059183120727539,0.38094710392179204,1791554314109764401
-0.0836825966835022,0.14378076791763306,0.3940965403792386,1791554314139768808
0.09655612707138062,0.06850951910018921,0.3915353010380675,1791554314171389223
-0.14973217248916626,0.10223299264907837,0.378901675219584,1791554314202920945
-0.018997907638549805,-0.0704960823059082,0.43319086992172706,1791554314239914412
0.26431530714035034,0.26040053367614746,0.3945815130555977,1791554314269914133
-0.014630258083343506,0.01804351806640625,0.39770997443284223,1791554314299975055
0.06636178493499756,-0.1632990837097168,0.3923620978724316,1791554314331131405
0.1352449655532837,0.3891136646270752,0.3660495945597505,1791554314362185067
-0.20351368188858032,-0.149225115776062,0.40062082454077075,1791554314390123987
-0.16662061214447021,0.06174832582473755,0.39670310084078114,1791554314430150491
0.03082495927810669,0.02397054433822632,0.4084974461391347,1791554314460151294
-0.22768986225128174,0.025317251682281494,0.37697055431844534,1791554314491288351
0.14997845888137817,0.2923954725265503,0.38671612144331907,1791554314522776225
-0.10686391592025757,-0.1457754373550415,0.44691797538410155,1791554314549351097
0.040875375270843506,-0.05693918466567993,0.3676321998911501,1791554314580587071
-0.38735491037368774,-0.044207870960235596,0.42241540877328626,1791554314619362317
-0.16886049509048462,-0.11983996629714966,0.38629349842108773,1791554314650432600
0.32247525453567505,0.24030399322509766,0.3942560290158495,1791554314683458662
0.05066084861755371,0.1730096936225891,0.4298270569114693,1791554314710606291
-0.10838180780410767,-0.10011011362075806,0.3985173740711483,1791554314740473892
-0.2918403148651123,0.14546865224838257,0.38780600434731954,1791554314770506678
0.10121339559555054,-0.0038338303565979004,0.3724694221316187,1791554314800505133
0.11465412378311157,0.028287529945373535,0.41361620401294563,1791554314830592915
0.0074097514152526855,0.2028692364692688,0.38959873971497033,1791554314860607753
0.2167738676071167,-0.15164512395858765,0.41350803773497474,1791554314891115042
-0.6255766749382019,0.2938850522041321,0.3928103136956023,1791554314922852947
0.2981894612312317,0.0632026195526123,0.3979622606884176,1791554314953230478
-0.3354250192642212,0.09767568111419678,0.39172705821825665,1791554314990744841
0.21429556608200073,-0.12544411420822144,0.36329373937033954,1791554315020791317
-0.22578144073486328,0.2488628625869751,0.4150134741190372,1791554315051165641
-0.03844285011291504,0.014791667461395264,0.3976393355937348,1791554315082898712
0.12894445657730103,-0.021177172660827637,0.40983636898740466,1791554315112334963
0.13296997547149658,-0.09954476356506348,0.4151255446949447,1791554315140190774
0.11781126260757446,0.12455719709396362,0.4004157409165875,1791554315171192151
-0.061833322048187256,0.10794419050216675,0.4067450160813809,1791554315210997693
-0.07333064079284668,-0.15192341804504395,0.38825468294270005,1791554315242324579
0.12277752161026001,0.1703968048095703,0.397456195108902,1791554315273986527
-0.11632966995239258,0.009520411491394043,0.4299600133139878,1791554315301215523
0.1427101492881775,0.05784577131271362,0.38402921135756846,1791554315331133748
-0.217523455619812,0.043102383613586426,0.34354912090137496,1791554315353898152
-0.06069839000701904,-0.21597576141357422,0.4464718029393105,1791554315381784854
-0.08022254705429077,0.16707420349121094,0.4417284151603988,1791554315411262910
0.21058166027069092,0.1253829002380371,0.3319380018115386,1791554315434302733
-0.1941913366317749,0.0442233681678772,0.4364666274432286,1791554315470341668
0.10703545808792114,0.11470699310302734,0.3984460919229301,1791554315500364357
-0.1960558295249939,-0.0953931212425232,0.38379862970248296,1791554315531382979
0.13483548164367676,-0.04404991865158081,0.37425539985779344,1791554315563117117
-0.33537304401397705,0.2771042585372925,0.36739580516899956,1791554315594734579
-0.036122024059295654,0.04263877868652344,0.4293719304397223,1791554315621594357
0.26041561365127563,-0.026341497898101807,0.40095129703046284,1791554315651975346
0.08218085765838623,0.04258692264556885,0.4345273105770787,1791554315691556241
-0.20362144708633423,0.09373056888580322,0.3931276864002124,1791554315722973663
0.06750214099884033,0.05713111162185669,0.3707013901904309,1791554315754757694
-0.039843082427978516,-0.009175598621368408,0.44015077153184806,1791554315781752652
0.23724114894866943,0.09773671627044678,0.3338137152048772,1791554315835795280
-0.14296114444732666,0.1269989013671875,0.44683617689154265,1791554315871749983
0.14349019527435303,0.47240960597991943,0.39707108134635155,1791554315901870513
-0.2011222243309021,-0.25447553396224976,0.3792947773713403,1791554315931835882
-0.07992970943450928,0.10861212015151978,0.3538095610240855,1791554315963278483
0.17253166437149048,0.07953763008117676,0.39652026166198506,1791554315994815367
-0.08070129156112671,0.09139686822891235,0.4547701762639465,1791554316021341970
0.33522194623947144,0.09468311071395874,0.3745067409614241,1791554316051968122
-0.024816155433654785,-0.08249437808990479,0.3854643674722212,1791554316082074565
0.2724078297615051,-0.03694510459899902,0.38315024101832124,1791554316123855806
0.1617555022239685,-0.01370316743850708,0.38842870130881973,1791554316155282278
0.07172584533691406,0.2846148610115051,0.42820733210532474,1791554316182420825
0.09558945894241333,-0.07157188653945923,0.4055874329465621,1791554316212788101
-0.07812368869781494,0.02236229181289673,0.3976868691211119,1791554316242225079
0.30740201473236084,0.15686774253845215,0.4058168401921257,1791554316272256296
-0.45565682649612427,-0.004344761371612549,0.41491868403783383,1791554316302287412
0.3475602865219116,0.06704258918762207,0.38305166710353905,1791554316332306824
0.005102753639221191,-0.014319002628326416,0.3836939135100706,1791554316362996846
-0.05011957883834839,-0.03734999895095825,0.3605867362210399,1791554316395311697
0.3466113209724426,0.09754365682601929,0.46999101803830856,1791554316422464880
-0.21155494451522827,0.44291460514068604,0.40666601077556147,1791554316452438866
0.40857601165771484,-0.13365840911865234,0.3318697311467956,1791554316475208206
0.009891092777252197,-0.025139689445495605,0.42442429550288324,1791554316512501972
0.4396876096725464,0.43270403146743774,0.3952982916622142,1791554316542521161
0.13630861043930054,-0.1395912766456604,0.4065266173358786,1791554316572577495
-0.37670350074768066,0.013000011444091797,0.39953362313133883,1791554316602333239
-0.13851487636566162,0.10857397317886353,0.39000401898788983,1791554316634851622
-0.041768550872802734,0.15931236743927002,0.4343760550605987,1791554316662738803
-0.05752825736999512,0.09905463457107544,0.3806028820634333,1791554316693769069
-0.14860928058624268,-0.01832360029220581,0.42304629297495006,1791554316723477225
-0.012640118598937988,-0.021554946899414062,0.4008077833714231,1791554316753371804
0.14311689138412476,0.06851363182067871,0.38782626857754,1791554316783390656
0.057822585105895996,0.2779865860939026,0.37750172557830464,1791554316813411306
-0.0026224851608276367,-0.10355085134506226,0.39663229614752443,1791554316843509095
0.052977800369262695,-0.1577826738357544,0.4091034518521162,1791554316874896081
-0.1239926815032959,0.44320356845855713,0.39523296050091744,1791554316905519549
0.12017762660980225,0.030835509300231934,0.4086209599620027,1791554316933590861
-0.10353600978851318,-0.2001768946647644,0.3799897284393689,1791554316963494077
0.060480475425720215,0.2733253240585327,0.38556047484664846,1791554316993794338
0.1665804386138916,0.16298484802246094,0.4128251881720532,1791554317023505228
-0.11329782009124756,0.08437579870223999,0.3969269362791781,1791554317053447230
-0.08484780788421631,0.05634737014770508,0.40452179727736903,1791554317083546375
-0.040516197681427,-0.1010863184928894,0.36724075946517126,1791554317115557261
0.051543593406677246,0.2842599153518677,0.3807714965980361,1791554317145797475
0.0073912739753723145,-0.028595328330993652,0.44259696837362966,1791554317173605432
-0.2998725175857544,0.016287505626678467,0.4080430017646843,1791554317203644566
0.3423561453819275,0.19681239128112793,0.4093663633959724,1791554317233824595
-0.25299614667892456,0.15909355878829956,0.3803694012504295,1791554317263841624
-0.06446850299835205,-0.12386131286621094,0.38359684512091113,1791554317293546278
-0.2324460744857788,0.06837695837020874,0.3986228295999214,1791554317323640463
0.3274405002593994,0.1675025224685669,0.3971088091319602,1791554317355132748
-0.33355873823165894,-0.23203164339065552,0.37618255582502674,1791554317387100885
0.061953961849212646,0.30236363410949707,0.4100459884435264,1791554317414292034
0.4650372266769409,0.17008382081985474,0.39408279858431366,1791554317443745986
-0.03834754228591919,-0.2794691324234009,0.3410917140304849,1791554317467119089
-0.1975538730621338,0.11279088258743286,0.43765605352081444,1791554317493807801
0.21553349494934082,0.31714797019958496,0.4039632688254231,1791554317523793766
-0.35999131202697754,0.022809386253356934,0.3891566607506826,1791554317553774617
0.5960243940353394,-0.25210320949554443,0.4080137930391088,1791554317583766648
0.12801235914230347,0.15827620029449463,0.4044724084141161,1791554317613811476
0.1377047896385193,0.2856667637825012,0.4034591341099427,1791554317643785033
0.023986339569091797,-0.12616580724716187,0.4111177362549694,1791554317674892187
-0.45596230030059814,0.10513800382614136,0.3537584691704187,1791554317707108466
0.4830509424209595,0.17772042751312256,0.44952454886091747,1791554317733344924
-0.27187496423721313,0.22682374715805054,0.4013445677593941,1791554317763354263
0.06317716836929321,-0.09619182348251343,0.38695230623478205,1791554317794071977
-0.22251611948013306,0.12419432401657104,0.4252507532616532,1791554317824022233
0.2543485760688782,0.08679831027984619,0.38154269868145985,1791554317854043270
-0.17030775547027588,-0.09605735540390015,0.3999371635749778,1791554317884050848
-0.22971421480178833,0.3187373876571655,0.36937102397423194,1791554317915160680
0.13954132795333862,0.05522400140762329,0.3377934017078012,1791554317947275303
-0.08864295482635498,-0.03712809085845947,0.42948029825002476,1791554317984148890
0.14252525568008423,-0.0386197566986084,0.43115736154907214,1791554318013241541
-0.0321122407913208,0.195667564868927,0.3913147165492257,1791554318044238601
-0.009459078311920166,-0.10820126533508301,0.37367613001267497,1791554318075262818
0.3235148787498474,0.013565003871917725,0.40055720707704656,1791554318106896218
-0.3261377215385437,0.09464794397354126,0.43336152956913127,1791554318135091514
0.05293363332748413,0.04541194438934326,0.39514816332898095,1791554318164376382
-4.935264587402344e-05,0.1288355588912964,0.34086573132728826,1791554318188107274
0.03256416320800781,-0.03932458162307739,0.45086223988023205,1791554318214473958
0.04991334676742554,0.1366504430770874,0.39945699874203616,1791554318244483912
-0.26437908411026,0.3161967396736145,0.39193091973728644,1791554318274604424
-0.33556920289993286,-0.07613569498062134,0.4000181856780957,1791554318304714523
0.10033947229385376,-0.12973332405090332,0.3988391069634316,1791554318334586138
0.05430382490158081,0.3119075894355774,0.38769461952217915,1791554318364707642
0.10908079147338867,-0.03719449043273926,0.3985977668176206,1791554318395303989
0.18332499265670776,-0.03142821788787842,0.3781831001031511,1791554318426883569
-0.0426483154296875,0.2540159821510315,0.42052349833660146,1791554318454799680
0.018177926540374756,-0.12206107378005981,0.39509796357271076,1791554318484881830
0.043915510177612305,0.24603646993637085,0.39140081394791104,1791554318514867266
0.047489047050476074,0.0118979811668396,0.4146850339264049,1791554318544859345
-0.03609287738800049,-0.18849825859069824,0.4057414351224509,1791554318574846506
0.1821802854537964,0.21679681539535522,0.4026952000695577,1791554318604881647
0.2806248068809509,0.2381855845451355,0.3972089891764047,1791554318634943710
-0.2996070384979248,-0.10444223880767822,0.37991225152920527,1791554318667017229
0.23078864812850952,0.0003966689109802246,0.42333871991097005,1791554318696931016
-0.3211745619773865,0.5190265774726868,0.4039195935639198,1791554318735046715
0.052816569805145264,-0.05610764026641846,0.39134566895207396,1791554318765224511
-0.42554402351379395,-0.15992343425750732,0.395372513823752,1791554318795262699
0.22967690229415894,0.13540905714035034,0.3913945673998203,1791554318826966830
-0.2603691816329956,0.15629804134368896,0.38864226078331493,1791554318857386003
-0.03665953874588013,-0.14691567420959473,0.4132204482139047,1791554318895233093
-0.07967907190322876,-0.04394644498825073,0.38815226344043213,1791554318925255365
0.10425746440887451,0.34335100650787354,0.3889677737012995,1791554318954348117
0.1957874298095703,-0.1098286509513855,0.37418632853688977,1791554318986924034
-0.4196329116821289,-0.05354970693588257,0.3839766905021292,1791554319017865394
0.2641037106513977,0.1626596450805664,0.43575707061039276,1791554319046224699
-0.231456458568573,0.10032880306243896,0.3888483208162677,1791554319075424220
-0.16069912910461426,0.04535245895385742,0.3813985418284118,1791554319105495288
-0.38940542936325073,-0.015224158763885498,0.410099593221393,1791554319165560985
0.4666095972061157,-0.004740715026855469,0.4283863391529248,1791554319195626693
-0.13090157508850098,0.24630224704742432,0.38685240719026637,1791554319227615555
0.23978698253631592,-0.060576796531677246,0.33691928448996744,1791554319259658344
-0.1672000288963318,-0.10670757293701172,0.45688455432499847,1791554319285778137
0.12264442443847656,0.20906460285186768,0.4030612141464791,1791554319315710393
-0.124733567237854,0.020741939544677734,0.42818110780299606,1791554319345982692
-0.1754780411720276,0.1485363245010376,0.3971239495121784,1791554319375782143
-0.05694091320037842,0.08344298601150513,0.3758584401774789,1791554319405789468
-0.05308586359024048,-0.07563221454620361,0.39815917662889244,1791554319435847047
0.23142653703689575,0.31922733783721924,0.39857247717454847,1791554319467007822
-0.17830371856689453,0.014375627040863037,0.3847145866543109,1791554319498949542
-0.31148868799209595,-0.22735357284545898,0.4059359337274768,1791554319526057215
0.2610819935798645,0.10336160659790039,0.38252979707159507,1791554319556433174
-0.10979270935058594,0.265586793422699,0.4012562690877574,1791554319586018271
0.04129064083099365,-0.01410365104675293,0.40475168476222323,1791554319616082014
0.04963815212249756,0.10616075992584229,0.41329391533418086,1791554319646093047
-0.18011736869812012,0.12072169780731201,0.3855438406701864,1791554319676140247
0.010997891426086426,0.12556439638137817,0.3710441600683298,1791554319707253414
-0.1562545895576477,0.0013851523399353027,0.38729950842201843,1791554319738350812
-0.07591575384140015,-0.06453263759613037,0.4505012752406438,1791554319765325910
0.23170799016952515,-0.16069000959396362,0.3826891854077642,1791554319797066694
0.2642176151275635,0.6418426036834717,0.42257707754082263,1791554319825312236
-0.25892186164855957,0.008029937744140625,0.381836768232796,1791554319856435754
0.009378433227539062,0.03339493274688721,0.38240132880886524,1791554319886551448
-0.06168586015701294,-0.00026553869247436523,0.39458858652428314,1791554319916401443
-0.08390545845031738,-0.20632880926132202,0.39742453011770107,1791554319947007421
-0.14472967386245728,0.2938340902328491,0.3623770305143123,1791554319978996794
0.20974969863891602,0.045104146003723145,0.4377981866750163,1791554320006886751
-0.10155302286148071,-0.2734604477882385,0.3922444846234593,1791554320026963354
0.10385775566101074,0.3105388879776001,0.3596970126002012,1791554320059551878
-0.1767447590827942,0.1551598310470581,0.45952929047202223,1791554320086768397
-0.24729162454605103,-0.14560025930404663,0.4066200875001933,1791554320116693909
0.03447920083999634,0.21400362253189087,0.4145141103856021,1791554320146691644
0.2506864070892334,0.3052598237991333,0.39503423520969294,1791554320176735923
-0.1294180154800415,-0.09656840562820435,0.39036353263232065,1791554320206893913
0.05742824077606201,0.003576517105102539,0.406380523931734,1791554320236786524
-0.41297024488449097,0.05517101287841797,0.39320045151254146,1791554320267819419
0.1383829116821289,0.1158902645111084,0.3934778352017006,1791554320299003673
-0.22443121671676636,0.2564353942871094,0.39555219592147056,1791554320327638268
0.12602877616882324,-0.20045292377471924,0.4178195911945534,1791554320356965275
0.1215360164642334,0.011313021183013916,0.4135554770447513,1791554320387047429
0.015648305416107178,0.05751240253448486,0.38239799745261627,1791554320417033623
0.27015721797943115,0.3841897249221802,0.37632169120318604,1791554320447063293
-0.21169382333755493,-0.033348143100738525,0.37460338943557936,1791554320477141324
0.4732164144515991,0.06929188966751099,0.4197495177376407,1791554320507466775
-0.4204481244087219,0.29562807083129883,0.3965954563364069,1791554320539090355
0.28384238481521606,-0.10474389791488647,0.4085052120412913,1791554320567226416
-0.24420005083084106,-0.09733366966247559,0.402600756773506,1791554320596370970
0.021662235260009766,0.08904868364334106,0.36953245680165586,1791554320627224610
0.05289185047149658,0.035528481006622314,0.419761144044885,1791554320657303070
-0.435528039932251,0.38076817989349365,0.4146145657081387,1791554320686344704
-0.006511807441711426,-0.1022844910621643,0.4018615212095873,1791554320715367953
0.0022573471069335938,-0.08431869745254517,0.37158929649584477,1791554320747398287
0.162078857421875,0.1995621919631958,0.36390154935165,1791554320779153938
0.13888394832611084,0.07853251695632935,0.4114355362839342,1791554320810375775
-0.27376532554626465,0.02042829990386963,0.421728602560992,1791554320847523587
0.2116701602935791,0.27886825799942017,0.38805389682226576,1791554320877561118
0.028007984161376953,0.01582026481628418,0.38703771908493423,1791554320907660691
0.1743149757385254,-0.1283600926399231,0.3988860414160582,1791554320938340359
-0.3501744270324707,-0.03215456008911133,0.38396570709767064,1791554320970011611
0.19148647785186768,0.449741005897522,0.43404120642704774,1791554320997843196
-0.16613245010375977,-0.18844592571258545,0.41073510223108234,1791554321028076742
-0.11605757474899292,0.06827402114868164,0.3847576519960935,1791554321057799424
0.1700116991996765,0.3272741436958313,0.38608388564902063,1791554321087816610
0.17179763317108154,-0.10390698909759521,0.4124177320565995,1791554321117835423
0.1492462158203125,0.1103394627571106,0.40119181701645834,1791554321148191949
-0.06693869829177856,0.011704027652740479,0.3797274596449067,1791554321179441946
-0.1507117748260498,-0.005124449729919434,0.36932988348086293,1791554321211536200
0.02347278594970703,0.13439536094665527,0.46589417998162636,1791554321238628982
-0.05778127908706665,0.01762378215789795,0.40074669377146593,1791554321268998889
0.2363886833190918,0.05805349349975586,0.40453714629648174,1791554321298699149
-0.11774379014968872,0.03309166431427002,0.4157887236425162,1791554321328623711
-0.011542916297912598,0.26392054557800293,0.37263627454872056,1791554321358708870
-0.059103965759277344,-0.07784074544906616,0.3706916514189014,1791554321388143145
0.030154287815093994,0.08997893333435059,0.36434750029094676,1791554321419257505
-0.07480615377426147,0.4302293062210083,0.36603641653861024,1791554321451747781
0.07780909538269043,-0.2067829966545105,0.46093272025392634,1791554321478808734
-0.06806564331054688,0.16887301206588745,0.3897770737356691,1791554321508893152
0.1483185887336731,0.07173281908035278,0.4018534253250993,1791554321538752506
-0.050626933574676514,0.06632018089294434,0.40241451376156734,1791554321568712679
0.34693461656570435,0.12108594179153442,0.4143647320539531,1791554321598762213
-0.17158418893814087,0.029327392578125,0.40089288838883985,1791554321628730605
-0.09190773963928223,0.01130211353302002,0.378573709472136,1791554321659068247
0.1091504693031311,0.11039459705352783,0.37594053060254934,1791554321691478866
-0.10351455211639404,0.04395914077758789,0.4458809725170786,1791554321718637222
0.22200405597686768,-0.001123666763305664,0.43226434951540915,1791554321748550351
0.04066532850265503,0.24114108085632324,0.40746986029954496,1791554321778604525
0.08355605602264404,0.020891904830932617,0.37148203333356655,1791554321808613137
-0.18478924036026,-0.12586051225662231,0.40282336875144864,1791554321838694452
0.07334965467453003,0.23588919639587402,0.388467351832452,1791554321868695300
0.14259105920791626,-0.08860492706298828,0.3787943441587806,1791554321899771284
-0.2957843542098999,0.11208152770996094,0.3542186094620356,1791554321931454883
-0.008750498294830322,0.12300974130630493,0.4350327980318682,1791554321958941079
0.20781636238098145,0.10377335548400879,0.39990853021294664,1791554321988925002
-0.08315426111221313,0.013141870498657227,0.38227664650070403,1791554322018881328
0.05184203386306763,0.02993631362915039,0.41924778986323696,1791554322048967071
-0.41370272636413574,0.06972259283065796,0.392686032064274,1791554322078948068
0.34135884046554565,0.08179199695587158,0.4111253602103201,1791554322108943198
-0.0360034704208374,0.2620208263397217,0.40762195771579013,1791554322139085214
0.10629433393478394,-0.20280754566192627,0.35569631208183006,1791554322171978211
0.35103553533554077,0.10704004764556885,0.46656118121568174,1791554322199158960
-0.509469747543335,0.3593767285346985,0.38910630504648286,1791554322229119543
0.1371164321899414,-0.08584809303283691,0.3801261428678203,1791554322289137052
-0.04445350170135498,0.26272380352020264,0.3924113240044871,1791554322319209473
-0.282490074634552,-0.13346999883651733,0.4158823384313292,1791554322349230770
0.16009044647216797,0.23716866970062256,0.39522749624738296,1791554322379646858
0.13517266511917114,0.06049466133117676,0.3943549083111589,1791554322418333469
-0.07358771562576294,-0.09965783357620239,0.3784933695778504,1791554322448353014
0.02093040943145752,0.09235388040542603,0.4220732846390071,1791554322478465373
-0.15064024925231934,0.15005218982696533,0.3806526279921565,1791554322510020106
-0.05901455879211426,0.2529866099357605,0.39601135743455496,1791554322539574023
-0.17382824420928955,-0.24119585752487183,0.390921012613609,1791554322571298823
0.2007729411125183,0.3975086808204651,0.38818344624092826,1791554322602135715
0.04149889945983887,0.20820659399032593,0.4306105706099704,1791554322629785798
-0.2290884256362915,-0.20650935173034668,0.40144599985220586,1791554322659632120
0.1619194746017456,0.338103711605072,0.4199719006125135,1791554322689875336
-0.17984169721603394,-0.07271724939346313,0.4062448568202232,1791554322719734913
-0.12820476293563843,0.03537142276763916,0.38965167123594446,1791554322749934557
-0.0014339685440063477,0.22818446159362793,0.40603396729555635,1791554322780071389
0.0941959023475647,-0.02215784788131714,0.3793607403651244,1791554322811960260
0.03221338987350464,-0.08252459764480591,0.38417910390314935,1791554322842336084
-0.2572001814842224,0.24550366401672363,0.4138871064887115,1791554322870171782
0.12422281503677368,0.18523377180099487,0.3746954988087741,1791554322900115962
-0.18225449323654175,0.14127546548843384,0.3471310894180193,1791554322923658281
-0.07159775495529175,0.12590956687927246,0.454384543882559,1791554322960154205
0.2047206163406372,0.14718657732009888,0.40405712778872355,1791554322990018509
-0.1570942997932434,0.03170973062515259,0.39203151638569933,1791554323020276139
0.19301056861877441,0.2871091961860657,0.3743610327156342,1791554323052238551
0.17897552251815796,-0.21150946617126465,0.4035137888587221,1791554323083141977
-0.09669792652130127,0.01864534616470337,0.38187333265862655,1791554323131811056
-0.30768948793411255,-0.21002405881881714,0.3875789057776605,1791554323163188519
0.28706586360931396,0.2916741967201233,0.4399078083629038,1791554323190673560
0.14162826538085938,0.056977033615112305,0.4112334881225647,1791554323220260734
-0.12550270557403564,-0.08818835020065308,0.38470782550913235,1791554323250289023
0.23753005266189575,0.34632688760757446,0.4248138767823565,1791554323279359746
-0.26245230436325073,0.010032951831817627,0.3824814174862819,1791554323310378804
-0.009404897689819336,0.1522676944732666,0.37565305566672735,1791554323371731695
-0.1497136354446411,-0.011064529418945312,0.3542509939372063,1791554323403457795
0.33442044258117676,-0.06843078136444092,0.4741083054223855,1791554323429566745
-0.06621420383453369,0.5429444313049316,0.3800208520103012,1791554323460557923
-0.12448704242706299,-0.13280129432678223,0.3885302110427416,1791554323490564970
0.10031449794769287,-0.06851601600646973,0.3994667956870212,1791554323520648299
0.08461320400238037,0.13458746671676636,0.39330164780112165,1791554323550771097
0.02027028799057007,-0.05313605070114136,0.425811422668635,1791554323580686086
-0.15380460023880005,0.22042590379714966,0.396676471923005,1791554323610331600
0.31231021881103516,0.05706918239593506,0.3585981392779521,1791554323643574067
-0.1830834150314331,-0.09791898727416992,0.45039205318251196,1791554323670795088
0.09182596206665039,-0.014047384262084961,0.3992760390790195,1791554323700846918
0.08385008573532104,0.5621559023857117,0.42079749194013627,1791554323730858792
-0.37961745262145996,-0.10973137617111206,0.3817735355396522,1791554323760933224
0.30437034368515015,-0.008732795715332031,0.37711755425732224,1791554323790915745
-0.04587399959564209,0.3211982846260071,0.3968048843764607,1791554323820987992
0.08692342042922974,-0.030701637268066406,0.39825594668420744,1791554323851709392
-0.06783086061477661,0.02672576904296875,0.3801263939822195,1791554323883755405
-0.19346225261688232,-0.00137406587600708,0.4369401894543279,1791554323911088775
-0.08300310373306274,0.017984628677368164,0.4103790672976834,1791554323941152709
-0.0247422456741333,0.2821890115737915,0.39085024211733504,1791554323971133171
0.019539177417755127,-0.14288204908370972,0.35724878411678873,1791554323993596615
0.08567655086517334,-0.16908210515975952,0.4312962681662499,1791554324031197432
0.0936005711555481,0.23199611902236938,0.3902549456275995,1791554324061323659
0.1642392873764038,0.492419958114624,0.38183524790917295,1791554324091510613
-0.33957111835479736,-0.1861017346382141,0.373637837922238,1791554324123223058
0.35300689935684204,-0.031013667583465576,0.4270734111485267,1791554324153494566
0.14094078540802002,0.3370981216430664,0.44888699327893317,1791554324191426141
-0.05116492509841919,0.11461251974105835,0.38929276739422747,1791554324221425553
-0.15998303890228271,-0.24135464429855347,0.38577974685015853,1791554324251465793
-0.062062859535217285,0.41026926040649414,0.3803126809665469,1791554324282323769
-0.11178416013717651,0.0708928108215332,0.36879402652544013,1791554324314181007
-0.05145692825317383,-0.18221884965896606,0.41252554906305794,1791554324341639042
0.14792603254318237,0.3733181357383728,0.3804029456334777,1791554324371616169
0.008821189403533936,-0.135431706905365,0.39876118923422454,1791554324401681800
0.1950274109840393,0.21715492010116577,0.39286493640637027,1791554324431706228
0.21096068620681763,0.0874442458152771,0.4145868980556584,1791554324461704227
-0.2564234137535095,-0.0491446852684021,0.4004626844330839,1791554324491770228
0.0076059699058532715,0.33031362295150757,0.3757066833087868,1791554324523919484
0.1213374137878418,0.017331302165985107,0.36652965745772315,1791554324555200045
0.05995297431945801,-0.045886874198913574,0.4280760015155132,1791554324582044257
-0.27052921056747437,-0.2110307216644287,0.41697185226473016,1791554324611964896
0.17309719324111938,0.5510460138320923,0.42854239463655497,1791554324641893910
-0.26941967010498047,-0.12367135286331177,0.4237831569553136,1791554324671965041
-0.12356692552566528,0.042674899101257324,0.37202586665840315,1791554324701957969
-0.013632476329803467,0.15527957677841187,0.36932560285059035,1791554324732046290
0.07439881563186646,-0.16567283868789673,0.39336236241355377,1791554324763677895
0.19538986682891846,0.2312380075454712,0.3858888516079216,1791554324795255812
0.04991483688354492,0.2454390525817871,0.4438194504058973,1791554324822282618
-0.268288791179657,-0.10113847255706787,0.377073475263487,1791554324852157354
0.28603774309158325,-0.05067390203475952,0.39282976152987986,1791554324882239824
-0.25305861234664917,0.14771080017089844,0.4055617986927161,1791554324912217315
0.14126020669937134,0.004215717315673828,0.40217591064227726,1791554324942263736
0.339599072933197,-0.00451737642288208,0.43058916343254294,1791554324971329743
-0.25620168447494507,0.3959132432937622,0.36346984485345885,1791554325002323842
0.1325588822364807,-0.19822567701339722,0.35801563268056297,1791554325035954133
0.33549028635025024,0.24470412731170654,0.455141183306933,1791554325062435524
0.05255019664764404,0.13712579011917114,0.396918508126929,1791554325092464870
-0.1761174201965332,-0.020423591136932373,0.41349527233584676,1791554325122623379
0.011939167976379395,-0.10916608572006226,0.38037902233315696,1791554325152507283
0.2159041166305542,0.11426424980163574,0.4220533968173879,1791554325181592446
-0.13718706369400024,0.207044780254364,0.3880817541986409,1791554325211600487
-0.026872694492340088,-0.09454411268234253,0.3876328431010914,1791554325242361421
-0.12606889009475708,0.26863372325897217,0.3708719902877002,1791554325275252566
0.10666418075561523,0.059179067611694336,0.4322401944293619,1791554325312713694
-0.023230016231536865,-0.07552754878997803,0.3756042586113191,1791554325342730577
0.013254404067993164,0.14729934930801392,0.3767903539149282,1791554325372804042
-0.1812213659286499,-0.11294007301330566,0.41200220111891933,1791554325403650601
0.13916850090026855,0.2670280337333679,0.3713140930925343,1791554325435314304
0.17831170558929443,0.22968536615371704,0.4081299693425511,1791554325462999528
-0.20688259601593018,-0.28074580430984497,0.3962587001136135,1791554325492939245
-0.05297195911407471,0.10451233386993408,0.4065112930622163,1791554325522955373
0.0625525712966919,0.47907906770706177,0.40033028480370353,1791554325553186997
-0.3074185252189636,-0.22328633069992065,0.3970697776847068,1791554325583283655
0.31127262115478516,0.13534176349639893,0.4129338601409291,1791554325613291324
-0.08899211883544922,0.17494618892669678,0.4047899103652825,1791554325643990048
0.10265213251113892,0.034376323223114014,0.3849612040778354,1791554325675770521
-0.07384449243545532,-0.25283634662628174,0.4251042482059785,1791554325713806034
-0.11953580379486084,0.23510807752609253,0.389588139800072,1791554325743859569
-0.12475156784057617,0.17168331146240234,0.40101757904295005,1791554325773845989
-0.2640376687049866,-0.06986242532730103,0.39556860985242853,1791554325803890817
0.07469546794891357,0.21816784143447876,0.38892204773277844,1791554325835304788
-0.2396007776260376,-0.07353425025939941,0.39878470848156417,1791554325865741801
-0.04322254657745361,-0.019412875175476074,0.4074770102924601,1791554325894016848
-0.0012993812561035156,0.04155707359313965,0.38756740634983794,1791554325923946433
0.33691954612731934,0.33339035511016846,0.39331604788649527,1791554325963965500
-0.15213251113891602,-0.08960646390914917,0.3900463923176903,1791554325995677906
-0.006030917167663574,0.1578407883644104,0.382855476043529,1791554326025763430
0.21072596311569214,0.16388320922851562,0.417317484817489,1791554326054046150
-0.29254162311553955,-0.17231953144073486,0.40339662608779725,1791554326083987784
0.267486572265625,0.1896655559539795,0.414847998275017,1791554326113992639
-0.04965806007385254,0.1446751356124878,0.4092337041848124,1791554326144104010
0.020475566387176514,0.1488930583000183,0.37582605747198544,1791554326174221097
-0.15123224258422852,-0.2007269263267517,0.4037487154657278,1791554326204104246
-0.2687641382217407,0.5205905437469482,0.37526819446476767,1791554326235269139
-0.040297865867614746,-0.13143253326416016,0.3766509245021451,1791554326266565902
-0.3316326141357422,-0.05675828456878662,0.4204124133289825,1791554326304100700
0.09603255987167358,0.12923425436019897,0.3942943034107611,1791554326334152495
0.013423502445220947,0.11288434267044067,0.39162311765445407,1791554326364121785
-0.10460078716278076,-0.028711974620819092,0.3566076891411159,1791554326395572813
0.2918888330459595,0.09590339660644531,0.39683564304886104,1791554326427314134
-0.36028873920440674,0.2846742868423462,0.4582468672510736,1791554326454267072
-0.11149048805236816,-0.224665105342865,0.41074749835880614,1791554326494205724
0.21462482213974,0.13635224103927612,0.37811253037276543,1791554326524305513
0.24604326486587524,0.26409679651260376,0.37569704799077885,1791554326555616234
0.3296701908111572,-0.1566440463066101,0.41792483957319526,1791554326586341621
