x,y,th,stamp
-5.425389289855957,-1.1018949747085571,1.0020434904992304,1791554347244863318
-5.425389289855957,-1.1018949747085571,1.0020425150743877,1791554347345719848
-5.425389289855957,-1.1018949747085571,1.0020425150743877,1791554347404583824
-5.425389289855957,-1.1018949747085571,1.0020425150743877,1791554347454795140
-5.425389289855957,-1.1018949747085571,1.0020425150743877,1791554347504666877
-5.425389289855957,-1.1018949747085571,1.0020425150743877,1791554347556305121
-5.425389289855957,-1.1018949747085571,1.0020425150743877,1791554347596783879
-5.425389289855957,-1.1018949747085571,1.002041504003746,1791554347648743989
-5.4250078201293945,-1.1015987396240234,1.0056552159660976,1791554347715322940
-5.424318790435791,-1.1004259586334229,1.0126541725380085,1791554347745009726
-5.421535968780518,-1.0958597660064697,1.0273783028157228,1791554347804630956
-5.418307304382324,-1.0907673835754395,1.0456792513053343,1791554347854730187
-5.414602756500244,-1.084288239479065,1.070053098608275,1791554347904663904
-5.406216144561768,-1.0688592195510864,1.1255170511338408,1791554347995687673
-5.40165376663208,-1.0592765808105469,1.1559300693029775,1791554348044754800
-5.397399425506592,-1.0502660274505615,1.1885304532083456,1791554348095217057
-5.392914772033691,-1.0394940376281738,1.2287145606159893,1791554348156138194
-5.389436721801758,-1.0296388864517212,1.2636128499906374,1791554348208778829
-5.387113094329834,-1.022139072418213,1.2901826128226395,1791554348250620761
-5.3822221755981445,-1.0037789344787598,1.3549432907673715,1791554348350668085
-5.380340576171875,-0.9946611523628235,1.38824090993596,1791554348399645155
-5.378257751464844,-0.9832961559295654,1.4291480103445913,1791554348459466050
-5.375904083251953,-0.9651697278022766,1.493161484543554,1791554348555926358
-5.375332355499268,-0.9556427001953125,1.5240742567479422,1791554348604668735
-5.375161170959473,-0.9460417628288269,1.5559993611106424,1791554348654676206
-5.375077247619629,-0.9366623759269714,1.5884297946721946,1791554348704676636
-5.375350475311279,-0.9268146753311157,1.6205889071869553,1791554348755648844
-5.375802993774414,-0.9190158247947693,1.645991092511972,1791554348795399217
-5.376685619354248,-0.9093794822692871,1.6774985116862546,1791554348844815898
-5.381223678588867,-0.878698468208313,1.7808023803072102,1791554349005675578
-5.383162021636963,-0.8692472577095032,1.812804668494267,1791554349055710064
-5.385678768157959,-0.8597270846366882,1.8449181847764888,1791554349104673319
-5.388077735900879,-0.850405752658844,1.8773091899745278,1791554349156770363
-5.390406131744385,-0.8431949615478516,1.9019527412854058,1791554349195675049
-5.393707752227783,-0.834385871887207,1.9327819453741097,1791554349244807603
-5.397195339202881,-0.8254823684692383,1.9643427778042937,1791554349294527440
-5.401022434234619,-0.8167486786842346,1.9964015565212012,1791554349344974821
-5.405970573425293,-0.8064345717430115,2.034667568932814,1791554349404689001
-5.410409927368164,-0.7978551387786865,2.066224964182581,1791554349454684698
-5.415027141571045,-0.7894718647003174,2.098116836412854,1791554349504762274
-5.41981315612793,-0.7817113399505615,2.1267417679876277,1791554349550671176
-5.424210071563721,-0.7746576070785522,2.1543715951794256,1791554349595668490
-5.429577827453613,-0.7669950127601624,2.1848404836478434,1791554349644927034
-5.435441493988037,-0.7588446736335754,2.2165614322874383,1791554349695168716
-5.441617965698242,-0.7509345412254333,2.2473050929173235,1791554349744961410
-5.4476165771484375,-0.7438011765480042,2.2758469270049893,1791554349790767661
-5.456418037414551,-0.734214723110199,2.315643321458319,1791554349854809848
-5.463377952575684,-0.7268130779266357,2.347699151122319,1791554349905696723
-5.469793319702148,-0.7205222845077515,2.3759294132138926,1791554349951668015
-5.483800411224365,-0.708040177822113,2.4335668278645484,1791554350045851501
-5.49406099319458,-0.6997668147087097,2.4736166162809603,1791554350110722402
-5.4997076988220215,-0.6957017183303833,2.495264010075085,1791554350145711498
-5.509457111358643,-0.6884764432907104,2.532235101692025,1791554350205952857
-5.517862319946289,-0.6829801201820374,2.5625094737458807,1791554350254813143
-5.526398658752441,-0.6775779724121094,2.594492491816879,1791554350305755037
-5.534300327301025,-0.6728466153144836,2.622443150708247,1791554350351700858
-5.541990280151367,-0.6687948107719421,2.647888868585368,1791554350395109659
-5.554367542266846,-0.6625175476074219,2.691549208505855,1791554350466084387
-5.559747219085693,-0.6600136160850525,2.709146547614614,1791554350494331825
-5.568890571594238,-0.6560686230659485,2.7391283966602993,1791554350545962519
-5.580333232879639,-0.6516731381416321,2.776212225383606,1791554350604944196
-5.589609146118164,-0.6483128666877747,2.805137656973684,1791554350654838302
-5.599252223968506,-0.6451113224029541,2.8363900539553533,1791554350706686926
-5.608039379119873,-0.6427416801452637,2.865256819435975,1791554350751995068
-5.61633825302124,-0.6404823064804077,2.890768088785635,1791554350796185535
-5.626110076904297,-0.6383095383644104,2.9205465663790284,1791554350846045290
-5.635770797729492,-0.6363756060600281,2.9503741370381844,1791554350894698021
-5.645587921142578,-0.6344387531280518,2.9816386537068937,1791554350947027771
-5.657412528991699,-0.6329761743545532,3.016344062889234,1791554351005971158
-5.667377948760986,-0.6320280432701111,3.0456895667704007,1791554351056033485
-5.677291393280029,-0.6312306523323059,3.0765237840688986,1791554351107099429
-5.686619758605957,-0.6308481097221375,3.1039891232927137,1791554351152884775
-5.69530725479126,-0.6307724118232727,3.13072156773532,1791554351195665031
-5.705167293548584,-0.6307763457298279,-3.1226272591691866,1791554351246033426
-5.724682331085205,-0.6319872736930847,-3.0652589805187125,1791554351343137805
-5.736948490142822,-0.6330183744430542,-3.028424497544957,1791554351406294801
-5.7467122077941895,-0.6344570517539978,-2.999054891252794,1791554351454339086
-5.756256103515625,-0.6360562443733215,-2.9710578620089225,1791554351502752713
-5.765924453735352,-0.6378793716430664,-2.9416716519370336,1791554351552811398
-5.774365425109863,-0.6397672891616821,-2.915705916385728,1791554351595884084
-5.78415060043335,-0.642081618309021,-2.885998737492019,1791554351645712091
-5.793841361999512,-0.6448076963424683,-2.856157779862925,1791554351695628676
-5.803099632263184,-0.6475951075553894,-2.8288624793784143,1791554351742627246
-5.815049171447754,-0.6518486738204956,-2.793150420759159,1791554351806019561
-5.824305057525635,-0.6556232571601868,-2.76478720128143,1791554351856796594
-5.833099365234375,-0.6592353582382202,-2.7374088546621578,1791554351904011417
-5.842189788818359,-0.663246214389801,-2.708957629520997,1791554351954291140
-5.849823951721191,-0.6667675971984863,-2.6844661776980634,1791554351996317275
-5.858686447143555,-0.6713488698005676,-2.6547493463131713,1791554352045779567
-5.875973224639893,-0.6812417507171631,-2.5987033939377837,1791554352143847393
-5.886202335357666,-0.6877061128616333,-2.5617115350091844,1791554352205861768
-5.8943705558776855,-0.6934959292411804,-2.532835958994763,1791554352255859454
-5.902132987976074,-0.6991217136383057,-2.504744437074607,1791554352303882858
-5.909855365753174,-0.7053196430206299,-2.477576611848189,1791554352353706932
-5.916677474975586,-0.7108004093170166,-2.4528530522411054,1791554352396786115
-5.924186706542969,-0.7172735929489136,-2.423956314798506,1791554352446780330
-5.931509017944336,-0.7239737510681152,-2.396631645910903,1791554352497255599
-5.940450191497803,-0.7326240539550781,-2.3615813560006487,1791554352556360858
-5.94744348526001,-0.7399438619613647,-2.333445504857329,1791554352606772223
-5.954389572143555,-0.7473243474960327,-2.305218691009204,1791554352657717533
-5.960442543029785,-0.754339873790741,-2.277087399909352,1791554352703760253
-5.966614723205566,-0.7620355486869812,-2.248732688079252,1791554352754724585
-5.9717326164245605,-0.7686683535575867,-2.225569415365465,1791554352796754731
-5.977710723876953,-0.776603102684021,-2.1970191165327995,1791554352848021057
-5.983112335205078,-0.7849004864692688,-2.1689969429241875,1791554352897088430
-5.98836088180542,-0.7931216955184937,-2.1412588360819713,1791554352945567103
-5.994656562805176,-0.8035535216331482,-2.1073160993922913,1791554353005924441
-5.9995808601379395,-0.812119722366333,-2.078936287656026,1791554353054799618
-6.004156589508057,-0.8212735056877136,-2.050580543749551,1791554353104764128
-6.008735656738281,-0.8304393887519836,-2.0223117121185368,1791554353155717306
-6.012053966522217,-0.8378462195396423,-2.000546529497066,1791554353195724512
-6.016106128692627,-0.8470351696014404,-1.974171163776171,1791554353245770457
-6.021117210388184,-0.8598515391349792,-1.9341089625630599,1791554353316269635
-6.023801803588867,-0.8674238324165344,-1.911687636927075,1791554353355572212
-6.027101516723633,-0.8769963383674622,-1.8836883862358103,1791554353405713292
-6.030065536499023,-0.8866808414459229,-1.855401106328753,1791554353455854364
-6.032745838165283,-0.8964748978614807,-1.8271597375765334,1791554353505774745
-6.035179138183594,-0.9063410758972168,-1.7984951682257841,1791554353555724977
-6.03688383102417,-0.9139948487281799,-1.7774079969078815,1791554353595725967
-6.0386962890625,-0.9239201545715332,-1.7494787768845084,1791554353647188455
-6.04026460647583,-0.9336778521537781,-1.7223158390673357,1791554353696095683
-6.041257858276367,-0.9437964558601379,-1.6961251110223405,1791554353746080171
-6.0424675941467285,-0.9556706547737122,-1.6629846794335255,1791554353805749634
-6.043193340301514,-0.9654502868652344,-1.6346550105832798,1791554353855829707
-6.043582916259766,-0.9755884408950806,-1.6076585060796622,1791554353905728137
-6.043657302856445,-0.9859371185302734,-1.5797908652942927,1791554353955721238
-6.043720722198486,-0.9939959645271301,-1.558250721636556,1791554353995736480
-6.043285846710205,-1.0040322542190552,-1.5306913175787473,1791554354046837530
-6.042667865753174,-1.0139044523239136,-1.5035333120893204,1791554354096237257
-6.041738033294678,-1.0259417295455933,-1.4705472066284329,1791554354155778413
-6.040366172790527,-1.0359463691711426,-1.4437482064749954,1791554354205713645
-6.0387372970581055,-1.0460013151168823,-1.415678505309466,1791554354255898043
-6.037048816680908,-1.0559324026107788,-1.388482805616937,1791554354305828219
-6.035024642944336,-1.065695881843567,-1.3608653599499405,1791554354355767685
-6.033185005187988,-1.0736466646194458,-1.3389334252422018,1791554354395737600
-6.030832290649414,-1.0833112001419067,-1.3112833492712361,1791554354446848919
-6.028087139129639,-1.0927062034606934,-1.285671507063588,1791554354496084451
-6.0250983238220215,-1.1022906303405762,-1.2576056997290783,1791554354545524359
-6.021242141723633,-1.1136901378631592,-1.2249508479953097,1791554354606759333
-6.017700672149658,-1.122921347618103,-1.199227513455724,1791554354655824815
-6.013883113861084,-1.1322270631790161,-1.1714064375509332,1791554354705734083
-6.009803295135498,-1.1413482427597046,-1.145029566799424,1791554354755850626
-6.006443500518799,-1.1486527919769287,-1.123028884608129,1791554354795909113
-6.002006530761719,-1.1577582359313965,-1.0961267498020113,1791554354845856680
-5.9971795082092285,-1.166687250137329,-1.0690744769724871,1791554354895450483
-5.991410732269287,-1.1772013902664185,-1.0358050342463176,1791554354956281063
-5.9861955642700195,-1.185703992843628,-1.0093042474701164,1791554355005856082
-5.980858325958252,-1.1940805912017822,-0.9829632516181265,1791554355055752533
-5.975048542022705,-1.2022895812988281,-0.9560564099987355,1791554355105775489
-5.969322681427002,-1.210429310798645,-0.9298336308283549,1791554355155750862
-5.9643235206604,-1.216754674911499,-0.9084627453792382,1791554355195988290
-5.958121299743652,-1.2246261835098267,-0.8819960066793608,1791554355245844013
-5.951669216156006,-1.2324730157852173,-0.8550150191467162,1791554355296013099
-5.94357442855835,-1.2413568496704102,-0.823334613627264,1791554355356189849
-5.936553955078125,-1.2486783266067505,-0.7975928472935825,1791554355405750163
-5.929459095001221,-1.2557913064956665,-0.7718636121666256,1791554355455740416
-5.922290802001953,-1.2627227306365967,-0.7447445362932213,1791554355505764787
-5.91485595703125,-1.2692469358444214,-0.7194208127205431,1791554355555766303
-5.9087629318237305,-1.2745896577835083,-0.6986496467823529,1791554355595752226
-5.9009222984313965,-1.280935287475586,-0.6726615656971022,1791554355645859997
-5.892766952514648,-1.287198781967163,-0.6472961029208765,1791554355696103802
-5.884939193725586,-1.2931305170059204,-0.6209951653530836,1791554355745851153
-5.8751420974731445,-1.2998721599578857,-0.589252482521981,1791554355806194899
-5.866528034210205,-1.305566668510437,-0.5627181156153155,1791554355855950120
-5.858153820037842,-1.3106881380081177,-0.5370272062412791,1791554355905752333
-5.8495869636535645,-1.3155286312103271,-0.5108034081643066,1791554355955761087
-5.842472553253174,-1.3195923566818237,-0.48857192580258624,1791554355996755326
-5.833604335784912,-1.3239372968673706,-0.46421016823487865,1791554356045877594
-5.820964336395264,-1.3300143480300903,-0.4284728780042043,1791554356115781574
-5.81550931930542,-1.3324347734451294,-0.41356506283413713,1791554356146020040
-5.804575443267822,-1.337038516998291,-0.3827478432773399,1791554356205478848
-5.795054912567139,-1.3407669067382812,-0.35691616127555337,1791554356255764080
-5.785556793212891,-1.344111680984497,-0.3310221559901045,1791554356305752869
-5.776023864746094,-1.3472870588302612,-0.30583852884636864,1791554356355786041
-5.768295764923096,-1.349652886390686,-0.2849481685173926,1791554356396762228
-5.758617401123047,-1.3524458408355713,-0.2606351837628781,1791554356445888448
-5.748899936676025,-1.3550065755844116,-0.236829781583352,1791554356496125757
-5.737207889556885,-1.3575828075408936,-0.20477308565375818,1791554356557173210
-5.727508544921875,-1.3594050407409668,-0.17970718634943406,1791554356605909979
-5.717529296875,-1.3610777854919434,-0.15372054455916015,1791554356655763991
-5.707462787628174,-1.3624414205551147,-0.12780895767715433,1791554356705855901
-5.6974406242370605,-1.3637311458587646,-0.10199179005749179,1791554356755773503
-5.689369201660156,-1.3642785549163818,-0.08076285517938278,1791554356795769036
-5.679209232330322,-1.3650877475738525,-0.05521065243364605,1791554356845894838
-5.669277667999268,-1.3654736280441284,-0.030261800933856407,1791554356896125643
-5.65920352935791,-1.3654847145080566,-0.00397590332107483,1791554356945841705
-5.647292137145996,-1.3652300834655762,0.025038783565044975,1791554357005898982
-5.637415885925293,-1.3647135496139526,0.04989949528446536,1791554357055856038
-5.627401351928711,-1.364163875579834,0.07587802377442159,1791554357105770558
-5.617228984832764,-1.3631689548492432,0.10089955446180626,1791554357156871369
-5.609286308288574,-1.362257957458496,0.12101650550940424,1791554357195792731
-5.599216461181641,-1.3609257936477661,0.14598841064137502,1791554357246008646
-5.589184284210205,-1.3592523336410522,0.17088051116440192,1791554357296077607
-5.5793561935424805,-1.357297658920288,0.1963339038860454,1791554357345964143
-5.56743860244751,-1.354811191558838,0.22730001862256524,1791554357407026407
-5.557793140411377,-1.3524850606918335,0.25113426628196567,1791554357455769683
-5.548305988311768,-1.3497601747512817,0.27665677187197374,1791554357505786757
-5.538524150848389,-1.3467904329299927,0.3012309557155261,1791554357555782197
-5.530845642089844,-1.3444184064865112,0.32156912669626947,1791554357595774756
-5.520683765411377,-1.34060800075531,0.34852430723940186,1791554357650921574
-5.5129475593566895,-1.3375667333602905,0.3699305278794974,1791554357691893212
-5.503669261932373,-1.3337326049804688,0.3950261833678028,1791554357740839773
-5.490845203399658,-1.328291416168213,0.4300114788855097,1791554357811020429
-5.483514308929443,-1.324868083000183,0.4498554036910289,1791554357850940573
-5.474624156951904,-1.3204729557037354,0.474319001669997,1791554357900799826
-5.4648332595825195,-1.3152738809585571,0.5013020059183562,1791554357956993796
-5.457833766937256,-1.311403751373291,0.5207725405029331,1791554357995785842
-5.449098110198975,-1.3061262369155884,0.5444988499599335,1791554358045910841
-5.440593719482422,-1.3008699417114258,0.5687664520698692,1791554358095801426
-5.430505275726318,-1.2943329811096191,0.5992010355432575,1791554358155993714
-5.422111511230469,-1.2886210680007935,0.6234990278850888,1791554358205790305
-5.413969993591309,-1.2826073169708252,0.6480354471598987,1791554358256024631
-5.405887126922607,-1.276475429534912,0.6726034300026396,1791554358305783215
-5.39801025390625,-1.270106554031372,0.6974609050724966,1791554358357790216
-5.392007350921631,-1.2649078369140625,0.7163959568225908,1791554358395783192
-5.3844757080078125,-1.2582663297653198,0.7413870894484716,1791554358446771915
-5.377252578735352,-1.2515101432800293,0.7649749917787603,1791554358495870458
-5.3701348304748535,-1.2444311380386353,0.7890266867262248,1791554358545970166
-5.361685752868652,-1.235450029373169,0.8182714886680985,1791554358605769478
-5.355004787445068,-1.2280035018920898,0.8434369887928658,1791554358655890776
-5.348318099975586,-1.2202112674713135,0.867972462877234,1791554358705798917
-5.341803073883057,-1.2125838994979858,0.8927911643783846,1791554358757936479
-5.336994171142578,-1.2062915563583374,0.9105703646857157,1791554358795792233
-5.3310017585754395,-1.1981050968170166,0.9347121629757834,1791554358846071836
-5.325349807739258,-1.1900385618209839,0.9579582510483762,1791554358895506676
-5.319636821746826,-1.1817368268966675,0.9815355725965959,1791554358945888639
-5.314694881439209,-1.1739842891693115,1.003948699461173,1791554358991406589
-5.308260917663574,-1.1630934476852417,1.034515747574686,1791554359055771151
-5.303310871124268,-1.1541695594787598,1.058918191703423,1791554359105775147
-5.298859596252441,-1.1458488702774048,1.082074188111711,1791554359151804639
-5.294911861419678,-1.1380325555801392,1.1031182325540778,1791554359195853004
-5.290459632873535,-1.1290366649627686,1.1266795186961993,1791554359245427222
-5.286386489868164,-1.11993408203125,1.1512266610337516,1791554359295336590
-5.281729698181152,-1.109028935432434,1.179581664974279,1791554359355768291
-5.278139114379883,-1.0996041297912598,1.202703416249489,1791554359406263218
-5.274476051330566,-1.0901883840560913,1.2273456302784538,1791554359456187459
-5.27106237411499,-1.0806258916854858,1.2512059938262803,1791554359507083524
-5.268261432647705,-1.0719205141067505,1.2730409709303554,1791554359551914460
-5.26569128036499,-1.063284158706665,1.2941389141184503,1791554359595995664
-5.2631378173828125,-1.0535838603973389,1.3171962133879038,1791554359646292440
-5.260895729064941,-1.043971300125122,1.3410194916461045,1791554359695968131
-5.25873327255249,-1.0341646671295166,1.3653295362305442,1791554359747036433
-5.256535530090332,-1.0224024057388306,1.3928662045783002,1791554359805942328
-5.253383159637451,-1.0026901960372925,1.4396296639442063,1791554359907052442
-5.252447128295898,-0.9932728409767151,1.4611558736993908,1791554359953116755
-5.251601696014404,-0.9846457242965698,1.4811652939546054,1791554359996129574
-5.25093412399292,-0.9746073484420776,1.5050047643413884,1791554360045397449
-5.250442981719971,-0.9611407518386841,1.5364867418794208,1791554360112812784
-5.250246524810791,-0.9541596174240112,1.5529415866828593,1791554360146479480
-5.250320911407471,-0.9420856833457947,1.5814044456888279,1791554360205616580
-5.25046443939209,-0.9321956634521484,1.6039637382931868,1791554360255947149
-5.251000881195068,-0.9227780699729919,1.6262716757304474,1791554360302714451
-5.251567840576172,-0.9126682281494141,1.6490189105227016,1791554360352974522
-5.252345085144043,-0.9040505886077881,1.6689571001339905,1791554360395819411
-5.25372838973999,-0.8941132426261902,1.6922357168607476,1791554360445797669
-5.255610466003418,-0.8806430101394653,1.7231169369945198,1791554360514214651
-5.256577014923096,-0.8747383952140808,1.7371814295127948,1791554360543189008
-5.258884429931641,-0.8623762726783752,1.7667357837910092,1791554360606321809
-5.260965347290039,-0.8526260852813721,1.7888628288952901,1791554360655330848
-5.263113975524902,-0.8433103561401367,1.8112592182265792,1791554360703401102
-5.265654563903809,-0.833640992641449,1.8341604894654584,1791554360753415077
-5.267845630645752,-0.8255024552345276,1.8529774353683435,1791554360798221470
-5.270787239074707,-0.8160287141799927,1.8750962631690602,1791554360846142700
-5.275201797485352,-0.8029601573944092,1.9073842235090304,1791554360913954247
-5.277150630950928,-0.797308623790741,1.9209125706887678,1791554360944005135
-5.281553745269775,-0.7858367562294006,1.9496480678681436,1791554361006113240
-5.285417556762695,-0.7764285206794739,1.9731542725514553,1791554361055796978
-5.2892069816589355,-0.7675194144248962,1.996579536076713,1791554361103831204
-5.293529987335205,-0.7583485245704651,2.017341157686541,1791554361153840021
-5.297389507293701,-0.7507850527763367,2.035434222170256,1791554361195820152
-5.301854133605957,-0.741809070110321,2.06008244778776,1791554361245919192
-5.306519508361816,-0.7332401871681213,2.082471364650167,1791554361296877601
-5.312562942504883,-0.7227872610092163,2.1092094341922607,1791554361356174450
-5.317723751068115,-0.7142289280891418,2.13146854203108,1791554361405851256
-5.323139667510986,-0.7057982683181763,2.1541473001246225,1791554361456837088
-5.328456401824951,-0.6979045867919922,2.1760549146395674,1791554361505074467
-5.3342413902282715,-0.6897091269493103,2.1989846007175218,1791554361554910054
-5.339061260223389,-0.6831057667732239,2.218311218544599,1791554361596847903
-5.345277786254883,-0.6751375198364258,2.240179457451927,1791554361646864024
-5.351520538330078,-0.6673593521118164,2.2633429361609485,1791554361698171097
-5.359195709228516,-0.6582619547843933,2.29025972392861,1791554361756445549
-5.365862846374512,-0.6507143378257751,2.3126043827621694,1791554361807803757
-5.372818946838379,-0.6432915329933167,2.335569033177829,1791554361857831798
-5.379546642303467,-0.636509358882904,2.3566461538892813,1791554361904826288
-5.387054920196533,-0.6292965412139893,2.3791911767027534,1791554361955831633
-5.392788887023926,-0.623759388923645,2.397408071433042,1791554361995831371
-5.400274753570557,-0.6170315742492676,2.4201705766209343,1791554362046855204
-5.40794038772583,-0.6103413105010986,2.442789470583561,1791554362096234128
-5.415613174438477,-0.6039444208145142,2.4654563046198854,1791554362146275496
-5.425004959106445,-0.5966379642486572,2.4920031332386734,1791554362206847574
-5.433096885681152,-0.5905720591545105,2.5138180630911338,1791554362255839336
-5.441079139709473,-0.5848446488380432,2.5354991119464403,1791554362306081805
-5.449236869812012,-0.5793582201004028,2.5573800687162764,1791554362355832910
-5.455991268157959,-0.5748524069786072,2.5758277283795894,1791554362395865863
-5.464542388916016,-0.5695496201515198,2.5984206256044415,1791554362447169915
-5.4731597900390625,-0.5645443201065063,2.619911162010161,1791554362496026440
-5.481895923614502,-0.559658944606781,2.6427084589791536,1791554362545880195
-5.492379665374756,-0.5540511608123779,2.669350381694679,1791554362606811087
-5.501269817352295,-0.549627959728241,2.6908900983021957,1791554362655836555
-5.510329723358154,-0.5453364253044128,2.7133944048373526,1791554362705866001
-5.519353866577148,-0.5412905812263489,2.735033277298614,1791554362756207914
-5.526611804962158,-0.5381050109863281,2.7528460627982185,1791554362795838111
-5.536153793334961,-0.5341587066650391,2.7761573695694466,1791554362846948730
-5.5454301834106445,-0.5305564403533936,2.797669948327906,1791554362895660023
-5.556870460510254,-0.5267781019210815,2.82353600293287,1791554362955570466
-5.566654682159424,-0.5235390067100525,2.846865354008872,1791554363007049623
-5.576202869415283,-0.5207558870315552,2.86835355830276,1791554363055912400
-5.585750579833984,-0.5181650519371033,2.8900317725990043,1791554363105984028
-5.595587730407715,-0.5157233476638794,2.911880475098909,1791554363155850467
-5.603344917297363,-0.5140039324760437,2.928695436711684,1791554363195832115
-5.616788864135742,-0.5113391280174255,2.9595005886765766,1791554363265917783
-5.6266770362854,-0.5096524357795715,2.9807460160522954,1791554363316133069
-5.634559631347656,-0.5084775686264038,2.9980731033691472,1791554363355755568
-5.644476413726807,-0.5070445537567139,3.0195972764842045,1791554363406902262
-5.6545729637146,-0.5059594511985779,3.040423395423653,1791554363455847137
-5.664519309997559,-0.5050080418586731,3.0631022510237162,1791554363505840792
-5.67457389831543,-0.5043409466743469,3.0843963591352144,1791554363555996146
-5.682748317718506,-0.5039228796958923,3.101910356404987,1791554363595969011
-5.692519187927246,-0.5035268664360046,3.123955251180983,1791554363646948663
-5.702537536621094,-0.5035734176635742,-3.138252497243813,1791554363696096357
-5.71256685256958,-0.5036607980728149,-3.1167104273058035,1791554363745618248
-5.724588394165039,-0.504040002822876,-3.090427876910914,1791554363807938737
-5.734534740447998,-0.5048035979270935,-3.07040189218129,1791554363855859622
-5.744639873504639,-0.5055869221687317,-3.0484337886064514,1791554363905864223
-5.754514694213867,-0.5065891146659851,-3.0254707149016813,1791554363956849655
-5.76249885559082,-0.5076348185539246,-3.0077750601653332,1791554363996850527
-5.772355556488037,-0.5089569091796875,-2.9862065142521064,1791554364045909894
-5.7859416007995605,-0.5113314390182495,-2.9569997401537917,1791554364116555297
-5.791795253753662,-0.5124654173851013,-2.9446653956303948,1791554364145924157
-5.80364465713501,-0.5149645209312439,-2.919447655040022,1791554364206320836
-5.813063621520996,-0.5172607898712158,-2.8986742156707055,1791554364256077392
-5.8227128982543945,-0.5196524858474731,-2.8772451660566842,1791554364306225140
-5.832395076751709,-0.5222647786140442,-2.8556341423994107,1791554364356855983
-5.8402204513549805,-0.524661123752594,-2.838584406665716,1791554364396872104
-5.84971284866333,-0.5276951789855957,-2.8181314469605967,1791554364445918998
-5.8592987060546875,-0.5309939384460449,-2.7962660445123917,1791554364496019947
-5.868618011474609,-0.5343648791313171,-2.775426655209689,1791554364545872603
-5.8798604011535645,-0.5388227105140686,-2.749604150156238,1791554364605827257
-5.88915491104126,-0.5426717400550842,-2.728064490233017,1791554364655901882
-5.898101806640625,-0.5466651320457458,-2.7088594038312865,1791554364705850113
-5.9069294929504395,-0.5508231520652771,-2.687137838771138,1791554364755891362
-5.914312839508057,-0.5544708371162415,-2.6692769427807943,1791554364796868067
-5.923007011413574,-0.558991014957428,-2.6489205096998867,1791554364845590068
-5.931769371032715,-0.5639051198959351,-2.628874260662268,1791554364895614950
-5.940694808959961,-0.5690324902534485,-2.607148275632465,1791554364945539220
-5.950835227966309,-0.5752338171005249,-2.5818839528711397,1791554365005767471
-5.959022521972656,-0.5805935859680176,-2.5611948658660997,1791554365055908878
-5.967339038848877,-0.5861058235168457,-2.540137857962248,1791554365105876643
-5.975407600402832,-0.5916776657104492,-2.5199336478876377,1791554365155856667
-5.981897354125977,-0.5963388681411743,-2.503304243481368,1791554365197923053
-5.989764213562012,-0.602445662021637,-2.4839329339987133,1791554365245980479
-6.000698089599609,-0.6110395193099976,-2.454806287257598,1791554365315675606
-6.005212783813477,-0.6148570775985718,-2.442476580683611,1791554365345744799
-6.014353275299072,-0.6226892471313477,-2.416185340018882,1791554365406353020
-6.021706581115723,-0.6294069290161133,-2.395548795413282,1791554365456029958
-6.0290327072143555,-0.6363493800163269,-2.3738512690183184,1791554365505868133
-6.0363450050354,-0.6433839797973633,-2.352689702119868,1791554365556932776
-6.041853427886963,-0.6489217877388,-2.336646324971135,1791554365597873046
-6.048628330230713,-0.6562239527702332,-2.3175928633956517,1791554365646965777
-6.057943820953369,-0.6665936708450317,-2.2897900263539572,1791554365717232437
-6.063067436218262,-0.672523021697998,-2.2721838926906983,1791554365757250614
-6.069283485412598,-0.6802374720573425,-2.2507909625511093,1791554365806205729
-6.075503826141357,-0.6879701614379883,-2.2302469363551847,1791554365855862681
-6.081483840942383,-0.6959442496299744,-2.2096322845913754,1791554365906043235
-6.087369918823242,-0.7041569352149963,-2.1879160149733945,1791554365956907873
-6.092031002044678,-0.7106145620346069,-2.1710394802522193,1791554365996883044
-6.097823619842529,-0.7195645570755005,-2.1504353906988385,1791554366050000780
-6.102385520935059,-0.7265819311141968,-2.13295948180849,1791554366092856447
-6.107604026794434,-0.7350679636001587,-2.1126489646850253,1791554366143058911
-6.114267349243164,-0.7466506958007812,-2.0862457229066718,1791554366210319105
-6.1183671951293945,-0.754063606262207,-2.0687356320023675,1791554366251872024
-6.123002052307129,-0.7630517482757568,-2.0487255187884363,1791554366302033201
-6.127617835998535,-0.7719779014587402,-2.028339718893806,1791554366352866012
-6.131669044494629,-0.780622661113739,-2.0092769302612554,1791554366399875222
-6.135741233825684,-0.7900936603546143,-1.9882607075154435,1791554366449877913
-6.139191150665283,-0.797758162021637,-1.970639341942812,1791554366492016669
-6.1427717208862305,-0.8067618608474731,-1.9515108779219998,1791554366540389471
-6.147782802581787,-0.8198214173316956,-1.923261953810276,1791554366611247328
-6.150501251220703,-0.8273158073425293,-1.90728412439594,1791554366650944297
-6.153611183166504,-0.8366506099700928,-1.8867853026115036,1791554366700880637
-6.156670570373535,-0.8460365533828735,-1.8654794821504856,1791554366751882285
-6.159430503845215,-0.8554739952087402,-1.8456270191988098,1791554366800925714
-6.161794662475586,-0.8643176555633545,-1.8276724546224221,1791554366846880777
-6.164208889007568,-0.8738037347793579,-1.8070916370117012,1791554366895846230
-6.166347980499268,-0.8836444020271301,-1.7872320639796695,1791554366946247491
-6.168820858001709,-0.8954750299453735,-1.763103484091531,1791554367006218772
-6.170510292053223,-0.9051984548568726,-1.7430529563661057,1791554367055969005
-6.172131061553955,-0.9150858521461487,-1.7232159729896914,1791554367105947800
-6.173393249511719,-0.9249966740608215,-1.7030148569624006,1791554367156876035
-6.174157619476318,-0.9328927993774414,-1.6865687975700916,1791554367196878490
-6.175239086151123,-0.9426520466804504,-1.6665415053722172,1791554367247209860
-6.1762614250183105,-0.9567846655845642,-1.6378187800187207,1791554367317958708
-6.176665306091309,-0.9647868275642395,-1.6219427844061813,1791554367357004253
-6.177027702331543,-0.9747297763824463,-1.6024607589121238,1791554367407166078
-6.177133083343506,-0.9947848320007324,-1.56213003125885,1791554367506018654
-6.177079677581787,-1.004682183265686,-1.541232068549601,1791554367558082191
-6.176675319671631,-1.0125981569290161,-1.5264566903560186,1791554367595954659
-6.176022052764893,-1.022704839706421,-1.5063954784609581,1791554367647434785
-6.174283981323242,-1.0423654317855835,-1.467662541970443,1791554367746937895
-6.17311429977417,-1.0514144897460938,-1.4494597630654298,1791554367791956270
-6.171252250671387,-1.0639605522155762,-1.4249214984009997,1791554367855881214
-6.169676303863525,-1.0738455057144165,-1.4049715947697112,1791554367906884417
-6.168059349060059,-1.0830225944519043,-1.386372560159257,1791554367951936601
-6.16635274887085,-1.0914623737335205,-1.3691879253160932,1791554367996879727
-6.16422176361084,-1.101159691810608,-1.3495998928229924,1791554368046683443
-6.16190242767334,-1.1107807159423828,-1.3292301062679805,1791554368095833141
-6.159479141235352,-1.120192527770996,-1.31023384532796,1791554368147218953
-6.157040596008301,-1.128717064857483,-1.2935226950422034,1791554368191426813
-6.15338134765625,-1.1412068605422974,-1.2676055113604978,1791554368256134484
-6.15017557144165,-1.1506242752075195,-1.24825088324015,1791554368307096914
-6.147274971008301,-1.158927321434021,-1.2303093975091477,1791554368353077066
-6.1442341804504395,-1.167199969291687,-1.2125050687482246,1791554368397188524
-6.140634059906006,-1.1767162084579468,-1.1914830192771049,1791554368447167723
-6.136838912963867,-1.1858623027801514,-1.1724234008389174,1791554368495327005
-6.132958889007568,-1.1952214241027832,-1.1520355496150811,1791554368548086361
-6.129039764404297,-1.2035290002822876,-1.134960922332207,1791554368593137095
-6.123480319976807,-1.214718222618103,-1.110897343784455,1791554368656457115
-6.119063854217529,-1.2236905097961426,-1.09074915111395,1791554368707262221
-6.114687919616699,-1.231785535812378,-1.0731467773010763,1791554368752560106
-6.11046838760376,-1.2393237352371216,-1.0566680715770431,1791554368796484960
-6.105444431304932,-1.2478535175323486,-1.0376359565532187,1791554368845936146
-6.100284576416016,-1.256374478340149,-1.0175564131444161,1791554368895709682
-6.093867301940918,-1.2665164470672607,-0.993942282731073,1791554368956798589
-6.089968681335449,-1.2724672555923462,-0.9798724324816638,1791554368993048875
-6.082808494567871,-1.283006191253662,-0.9544846342737142,1791554369056660064
-6.076862812042236,-1.2910317182540894,-0.9354543358921552,1791554369107806646
-6.071357727050781,-1.2983211278915405,-0.917371839380979,1791554369154142763
-6.066177845001221,-1.3049161434173584,-0.9011721779975395,1791554369197299759
-6.05997371673584,-1.3126229047775269,-0.8815435623491006,1791554369246940307
-6.053493976593018,-1.3201439380645752,-0.8630925369643941,1791554369295910701
-6.047076225280762,-1.3273848295211792,-0.8445826574080241,1791554369344150631
-6.038871765136719,-1.3366094827651978,-0.8198964760216387,1791554369406901838
-6.031888961791992,-1.3437256813049316,-0.8007428781358873,1791554369455914307
-6.025174140930176,-1.3504337072372437,-0.7824224475924956,1791554369503976543
-6.0182366371154785,-1.3572442531585693,-0.7635133330793167,1791554369553582786
-6.01209831237793,-1.362936019897461,-0.7470500812717659,1791554369597060679
-6.004591464996338,-1.3697079420089722,-0.728113505097218,1791554369646918499
-5.997010231018066,-1.376030445098877,-0.7107729807242203,1791554369695807240
-5.989988327026367,-1.3819291591644287,-0.692958647713728,1791554369743360380
-5.980257987976074,-1.3897086381912231,-0.6685137510317555,1791554369806889936
-5.972363471984863,-1.3957085609436035,-0.6496320479794032,1791554369857252072
-5.964348316192627,-1.4014333486557007,-0.6304984057463664,1791554369904922826
-5.956333160400391,-1.4072260856628418,-0.6106858383604332,1791554369954275625
-5.949502468109131,-1.4118590354919434,-0.5952161527190598,1791554369996926758
-5.941109657287598,-1.4172632694244385,-0.5774000675624681,1791554370046950528
-5.929422855377197,-1.4242357015609741,-0.5508835003353876,1791554370115071908
-5.924442768096924,-1.4273210763931274,-0.5395331249257158,1791554370144689119
-5.913938999176025,-1.4333277940750122,-0.5173908937609596,1791554370206917562
-5.905163764953613,-1.4382742643356323,-0.4974025678433215,1791554370257894472
-5.896797180175781,-1.4426466226577759,-0.48013685387347393,1791554370304927540
-5.88801908493042,-1.4470676183700562,-0.4612381409235478,1791554370355097541
-5.880427360534668,-1.4506441354751587,-0.4450880142492835,1791554370397034628
-5.871280193328857,-1.4549118280410767,-0.42565611721787755,1791554370447029413
-5.862212657928467,-1.4588909149169922,-0.4067163795531577,1791554370496604599
-5.853545188903809,-1.4623421430587769,-0.38935002753546294,1791554370545188374
-5.841944694519043,-1.4667993783950806,-0.36469449905165796,1791554370607904756
-5.832742214202881,-1.470115065574646,-0.34655606971388886,1791554370658934480
-5.823986530303955,-1.473112940788269,-0.3293684446855086,1791554370704996790
-5.814645767211914,-1.4761247634887695,-0.3109768283049793,1791554370754983220
-5.806460380554199,-1.4785103797912598,-0.2957919244558686,1791554370797932882
-5.796805381774902,-1.4813483953475952,-0.27646822634712176,1791554370847986162
-5.787323474884033,-1.4840037822723389,-0.25738852515582333,1791554370899236956
-5.7779011726379395,-1.4861677885055542,-0.2403391153105045,1791554370945959979
-5.766078472137451,-1.4889246225357056,-0.2164953112390131,1791554371006955442
-5.7561516761779785,-1.4909489154815674,-0.19754336397167666,1791554371058081742
-5.746737957000732,-1.4925426244735718,-0.18039849872024755,1791554371106935319
-5.736959457397461,-1.494235873222351,-0.16234817151119396,1791554371155931482
-5.728847503662109,-1.4953715801239014,-0.14771684255531692,1791554371196931105
-5.719381332397461,-1.4966086149215698,-0.12910540515286195,1791554371246350741
-5.70945405960083,-1.4976146221160889,-0.10985102661906808,1791554371296307418
-5.699299335479736,-1.4986610412597656,-0.09012865785351015,1791554371346569824
-5.687454700469971,-1.499430537223816,-0.06881176835794882,1791554371406731960
-5.677443504333496,-1.5000046491622925,-0.04979584702131081,1791554371457221724
-5.667577266693115,-1.500270962715149,-0.03223711520077682,1791554371506074181
-5.657804489135742,-1.5005005598068237,-0.013172558648341997,1791554371557017696
-5.649967193603516,-1.5005649328231812,0.0018295705950582646,1791554371596978536
-5.639889717102051,-1.500281810760498,0.020335741244036747,1791554371647759432
-5.630068302154541,-1.4997797012329102,0.037369410750095616,1791554371697282058
-5.618194580078125,-1.4990309476852417,0.058994543103252556,1791554371756397431
-5.610019207000732,-1.4981871843338013,0.07393129157178317,1791554371797320930
-5.598222255706787,-1.4971076250076294,0.09531469851353856,1791554371856949603
-5.588384628295898,-1.4960607290267944,0.11448106328310088,1791554371907159783
-5.578324794769287,-1.4945590496063232,0.13242356109776057,1791554371956940388
-5.570594787597656,-1.4934742450714111,0.1469392476283484,1791554371996941048
-5.56093692779541,-1.4918708801269531,0.16573695937434407,1791554372047045351
-5.5471343994140625,-1.4893337488174438,0.19234288776603506,1791554372116559618
-5.539365291595459,-1.4877735376358032,0.20606391743553948,1791554372156550465
-5.529580593109131,-1.485422968864441,0.22320815534790422,1791554372206528029
-5.520030975341797,-1.4831374883651733,0.24266797697011738,1791554372257038423
-5.51054573059082,-1.480716586112976,0.26178660237125745,1791554372306948901
-5.500936508178711,-1.4777867794036865,0.27815985677232735,1791554372357023548
-5.4935126304626465,-1.4756429195404053,0.2936980542239207,1791554372396946110
-5.483978271484375,-1.472503423690796,0.31227790207604805,1791554372448060323
-5.47459077835083,-1.4693208932876587,0.3297321675427,1791554372497262441
-5.46516227722168,-1.4660203456878662,0.34738164326805576,1791554372547194462
-5.454097747802734,-1.4617183208465576,0.36824678223747126,1791554372607945484
-5.445159912109375,-1.4580901861190796,0.3853878905924998,1791554372657009408
-5.436005592346191,-1.454224944114685,0.40291163690825776,1791554372706952443
-5.427079677581787,-1.4502668380737305,0.42140091496532783,1791554372757205057
-5.419919013977051,-1.4468172788619995,0.435293577503218,1791554372797068655
-5.410865783691406,-1.4425139427185059,0.4538057861534998,1791554372848054407
-5.4020609855651855,-1.437922477722168,0.4711325653044102,1791554372896341686
-5.393430709838867,-1.433358907699585,0.4887008680751679,1791554372946473837
-5.382903099060059,-1.4276065826416016,0.5122538087047175,1791554373008311237
-5.374246597290039,-1.4225554466247559,0.5293853682817297,1791554373057040672
-5.365797996520996,-1.4175039529800415,0.5468452409568185,1791554373106961157
-5.3574748039245605,-1.4121958017349243,0.5639561354046426,1791554373156966596
-5.3507490158081055,-1.4077632427215576,0.5781583640081978,1791554373196965048
-5.342615604400635,-1.40235435962677,0.5957762679796237,1791554373246393403
-5.334653854370117,-1.3966326713562012,0.6131370645418748,1791554373296924556
-5.324880123138428,-1.3895187377929688,0.633780252918945,1791554373356690313
-5.3171162605285645,-1.3833953142166138,0.6502802477707669,1791554373405711130
-5.30919075012207,-1.3774230480194092,0.6701129243613005,1791554373457008697
-5.301657199859619,-1.3710510730743408,0.6868201116983738,1791554373506962821
-5.293990135192871,-1.36467444896698,0.7041611177806072,1791554373556947658
-5.288093090057373,-1.3594225645065308,0.7184810184296992,1791554373596973870
-5.2807769775390625,-1.352689266204834,0.7358482208602718,1791554373647086309
-5.270850658416748,-1.3433476686477661,0.7602387463056541,1791554373717234891
-5.266546726226807,-1.339125394821167,0.7709522708876624,1791554373747321531
-5.258273124694824,-1.3307583332061768,0.7922161653066542,1791554373807039732
-5.251437187194824,-1.3235745429992676,0.8098512191773013,1791554373857043091
-5.244766712188721,-1.3162997961044312,0.8272847011952155,1791554373907034767
-5.238040447235107,-1.3088940382003784,0.8462500587730343,1791554373956968525
-5.232865810394287,-1.302735686302185,0.8598735852168108,1791554373996970027
-5.226632118225098,-1.2951422929763794,0.8771260191580815,1791554374047098271
-5.220394611358643,-1.2875524759292603,0.8962992665233126,1791554374096564492
-5.213106155395508,-1.2782983779907227,0.9180253514187889,1791554374157736158
-5.207332611083984,-1.270216941833496,0.9335424560374473,1791554374206977986
-5.201529026031494,-1.2622909545898438,0.9513329668154887,1791554374256991697
-5.195988655090332,-1.2541674375534058,0.9685676384583084,1791554374306977108
-5.190544605255127,-1.2459148168563843,0.9858431008796888,1791554374356969851
-5.186215877532959,-1.2393343448638916,1.000483184486809,1791554374398101164
-5.181002616882324,-1.2309783697128296,1.018236148311178,1791554374447093556
-5.1738810539245605,-1.2188286781311035,1.0430391494338127,1791554374516363900
-5.170806407928467,-1.213668704032898,1.0535734080841612,1791554374547016963
-5.166121006011963,-1.2050076723098755,1.0708607957949656,1791554374597019591
-5.16071891784668,-1.1945726871490479,1.0915946000595023,1791554374657112461
-5.156292915344238,-1.1858317852020264,1.1086483734584873,1791554374707002699
-5.152072429656982,-1.1768429279327393,1.125760031832229,1791554374756452460
-5.14878511428833,-1.1696655750274658,1.138802536048304,1791554374797244484
-5.144861221313477,-1.1606266498565674,1.1560495812635503,1791554374847103672
-5.140901565551758,-1.1513822078704834,1.174036542241337,1791554374897023096
-5.137265205383301,-1.1421821117401123,1.1915057581700395,1791554374947238075
-5.132974624633789,-1.1304330825805664,1.2136710758215594,1791554375011206203
-5.130153179168701,-1.1224714517593384,1.2282839282203217,1791554375052981998
-5.127048015594482,-1.1132843494415283,1.2456694304835374,1791554375103005312
-5.12418270111084,-1.1039469242095947,1.2628289615076675,1791554375152975516
-5.121551990509033,-1.0948506593704224,1.2791834357101894,1791554375201078477
-5.11898946762085,-1.0852861404418945,1.2966342997246154,1791554375251114153
-5.116949081420898,-1.07723069190979,1.310921454870368,1791554375293322078
-5.114597320556641,-1.0678133964538574,1.3282949333419927,1791554375343097261
-5.1117401123046875,-1.0545294284820557,1.3510345772647778,1791554375411176836
-5.110052108764648,-1.0463228225708008,1.3661183353286346,1791554375452995505
-5.108243465423584,-1.0365172624588013,1.3840386124941302,1791554375502971226
-5.106553554534912,-1.0269101858139038,1.4011719233511428,1791554375553043977
-5.105185031890869,-1.0170543193817139,1.417592428124972,1791554375602032901
-5.103761672973633,-1.0071994066238403,1.4354508839935565,1791554375651985213
-5.102763652801514,-0.9992491602897644,1.4488224553511984,1791554375691564423
-5.101892948150635,-0.9894460439682007,1.464562831033608,1791554375741680128
-5.100841522216797,-0.9785589575767517,1.4846967300249114,1791554375797690979
-5.1000471115112305,-0.9666232466697693,1.5051335759735494,1791554375857150701
-5.099611282348633,-0.9567753076553345,1.5212882075992493,1791554375907137799
-5.099315643310547,-0.9466555118560791,1.5395914699375859,1791554375957978857
-5.099188804626465,-0.9386715888977051,1.5534415904702856,1791554375997049010
-5.099232196807861,-0.928879976272583,1.5698666198105118,1791554376047107097
-5.099522113800049,-0.9149861335754395,1.5935313353548883,1791554376117123732
-5.0997090339660645,-0.9090561866760254,1.6040464087681396,1791554376146869630
-5.100501537322998,-0.8972786068916321,1.6232308226350458,1791554376206997946
-5.1011576652526855,-0.887570858001709,1.6403050316616563,1791554376256977778
-5.102075576782227,-0.8775848150253296,1.6567155749598002,1791554376307022303
-5.103128910064697,-0.8677501082420349,1.674045537628097,1791554376358125813
-5.104153633117676,-0.8598434925079346,1.6869641285381312,1791554376397124946
-5.105612754821777,-0.8496701717376709,1.7038522132600253,1791554376447011704
-5.106982707977295,-0.8400213122367859,1.7206400720924409,1791554376497175714
-5.108682155609131,-0.8301711678504944,1.7371292783192658,1791554376547031299
-5.110523223876953,-0.820414662361145,1.7534115504778112,1791554376597139875
-5.112825393676758,-0.8088196516036987,1.7739260547531415,1791554376657040120
-5.1150593757629395,-0.7992748618125916,1.7903601364149997,1791554376707110301
-5.117035388946533,-0.7908276319503784,1.805432485117035,1791554376752089059
-5.11926794052124,-0.7820151448249817,1.820274990023195,1791554376797107163
-5.121903419494629,-0.7726717591285706,1.8374378300743923,1791554376847201692
-5.124599933624268,-0.7633167505264282,1.8551464534486721,1791554376896980541
-5.127665996551514,-0.7538024187088013,1.8711814174778127,1791554376946506494
-5.130518913269043,-0.7450937032699585,1.886190142217731,1791554376993116739
-5.134747505187988,-0.7330729961395264,1.908311129218719,1791554377057250127
-5.13815450668335,-0.7237535119056702,1.9245280371370719,1791554377106628350
-5.141520977020264,-0.715429961681366,1.9388753069974343,1791554377153289497
-5.14475679397583,-0.7072237730026245,1.9540286032143253,1791554377196582599
-5.148558139801025,-0.6982353329658508,1.9705283971534548,1791554377246371948
-5.152580261230469,-0.6892113089561462,1.9862465505802174,1791554377296785011
-5.15763521194458,-0.6784348487854004,2.0062359422575673,1791554377356767264
-5.160812854766846,-0.6719728708267212,2.01858525203326,1791554377393258032
-5.166612148284912,-0.6606590747833252,2.039472911237589,1791554377456588209
-5.17125940322876,-0.6519126296043396,2.0565041334762264,1791554377506650011
-5.1757001876831055,-0.6437652111053467,2.0726047079288556,1791554377552871286
-5.180023193359375,-0.6362131834030151,2.086394706783646,1791554377596965159
-5.184993743896484,-0.6278268694877625,2.103225283645286,1791554377647081643
-5.190277099609375,-0.619255542755127,2.119765455964872,1791554377696946354
-5.195608615875244,-0.6107035875320435,2.1367254811588494,1791554377747670998
-5.202287197113037,-0.6009371280670166,2.154852495543366,1791554377806717273
-5.207913875579834,-0.5927882790565491,2.1714144291156283,1791554377857262752
-5.213724613189697,-0.5844127535820007,2.187997166056248,1791554377908313943
-5.21931266784668,-0.5770651698112488,2.2025055208402047,1791554377953941486
-5.224506855010986,-0.570273220539093,2.2167148396872434,1791554377997035660
-5.2306413650512695,-0.56228107213974,2.234109120298328,1791554378047307504
-5.236891269683838,-0.5546476244926453,2.2502380847266292,1791554378097094719
-5.24315071105957,-0.5471577644348145,2.266525730875473,1791554378148013863
-5.250885009765625,-0.5382010340690613,2.2853608027021703,1791554378207155975
-5.257620811462402,-0.5307751297950745,2.3018538679401783,1791554378256714525
-5.263996124267578,-0.523923397064209,2.3172785859252043,1791554378303816338
-5.270702362060547,-0.5168691277503967,2.333470079644075,1791554378354724630
-5.276741981506348,-0.5107601881027222,2.3473438272120015,1791554378397267102
-5.283938407897949,-0.5037409067153931,2.363916974765295,1791554378447158443
-5.291152477264404,-0.49690183997154236,2.380115973515418,1791554378496856779
-5.298172950744629,-0.4905412197113037,2.395150103622627,1791554378544815899
-5.307455539703369,-0.48219966888427734,2.41652923890503,1791554378607027361
-5.315074920654297,-0.4757550060749054,2.433056642344283,1791554378657013332
-5.322303295135498,-0.4698411822319031,2.44803359381517,1791554378705023944
-5.329977512359619,-0.4637104868888855,2.463548217056539,1791554378755021463
-5.336495876312256,-0.4587188959121704,2.4773768946506394,1791554378797103310
-5.344232082366943,-0.45281052589416504,2.4932463616211926,1791554378847132329
-5.352198600769043,-0.4470604360103607,2.5087902228615047,1791554378896413206
-5.360054016113281,-0.44152405858039856,2.5243730465012995,1791554378944538838
-5.37036657333374,-0.43473076820373535,2.542982235813857,1791554379007035703
-5.378372669219971,-0.4294370710849762,2.560013345781965,1791554379057024137
-5.386321067810059,-0.4245953857898712,2.5754047228105756,1791554379105025454
-5.3948163986206055,-0.4193916618824005,2.591961733408344,1791554379155216492
-5.402068614959717,-0.4151769280433655,2.6049779011418637,1791554379198068267
-5.410521507263184,-0.4105212390422821,2.620553254596632,1791554379247186106
-5.419393062591553,-0.405595988035202,2.6370570046484865,1791554379297934035
-5.427707672119141,-0.40136292576789856,2.6510028694115273,1791554379344601861
-5.438629627227783,-0.39581307768821716,2.671448697896387,1791554379407143406
-5.447575092315674,-0.39156675338745117,2.687319258665127,1791554379458142706
-5.456284999847412,-0.38762757182121277,2.7017502323860882,1791554379506034975
-5.46513557434082,-0.3835851848125458,2.7187039371379984,1791554379555041775
-5.472981929779053,-0.38026222586631775,2.732803802285921,1791554379598261168
-5.482026100158691,-0.37653419375419617,2.7499148846311394,1791554379649291275
-5.491295337677002,-0.37306398153305054,2.7657263922763957,1791554379698455167
-5.499932289123535,-0.36992064118385315,2.7821824097764742,1791554379745799579
-5.511828899383545,-0.36575746536254883,2.8022534216764217,1791554379807354008
-5.521428108215332,-0.36265841126441956,2.8175001011447076,1791554379859071962
-5.5300493240356445,-0.35999318957328796,2.831117613384502,1791554379906055376
-5.539022922515869,-0.3572273850440979,2.847921140846652,1791554379956158560
-5.547291278839111,-0.3548305332660675,2.8608538870166647,1791554379998043688
-5.556778907775879,-0.35250651836395264,2.875499499111614,1791554380046603494
-5.566568374633789,-0.34997519850730896,2.892504679614294,1791554380098779267
-5.576190948486328,-0.3478419780731201,2.90715167612402,1791554380147284189
-5.587881088256836,-0.34533417224884033,2.92602921144506,1791554380206461199
-5.5974225997924805,-0.3434535562992096,2.942018976726923,1791554380257052766
-5.607027530670166,-0.3418044149875641,2.9575564834565933,1791554380307230253
-5.616776943206787,-0.3401913642883301,2.9725093861570793,1791554380357039154
-5.624569416046143,-0.33902862668037415,2.984914301268426,1791554380397036513
-5.634251594543457,-0.3376031517982483,3.0010414341815532,1791554380448113098
-5.644016742706299,-0.3365791440010071,3.0163886621521225,1791554380497032894
-5.654167652130127,-0.3353098928928375,3.0325846618915744,1791554380546902733
-5.6659626960754395,-0.33431801199913025,3.0508818761116547,1791554380608060385
-5.675882816314697,-0.3335530459880829,3.0675048877712445,1791554380657073432
-5.685739040374756,-0.3330654203891754,3.0834367346110083,1791554380707037103
-5.695481777191162,-0.3327111005783081,3.0979988614614182,1791554380757096606
-5.703533172607422,-0.33247044682502747,3.1105995188548614,1791554380797049200
-5.713298320770264,-0.3325141668319702,3.1262466931373836,1791554380848152689
-5.726930618286133,-0.33270853757858276,-3.136187076965504,1791554380917126497
-5.732844352722168,-0.33286765217781067,-3.127344607194881,1791554380947119351
-5.744709014892578,-0.3333507478237152,-3.1083743566967277,1791554381006582326
-5.75454568862915,-0.3339575231075287,-3.092931982259737,1791554381057229977
-5.764288425445557,-0.33463725447654724,-3.077255253204601,1791554381107054548
-5.774334907531738,-0.33551186323165894,-3.061110972552466,1791554381157205488
-5.7823100090026855,-0.3361757695674896,-3.0482089348406194,1791554381197148708
-5.792181491851807,-0.33732205629348755,-3.0331838091148478,1791554381248146916
-5.805758953094482,-0.33907145261764526,-3.0105423792233608,1791554381317271769
-5.813611030578613,-0.3402860760688782,-2.998054265441496,1791554381357227287
-5.82116174697876,-0.3415325880050659,-2.985969308665469,1791554381396685647
-5.83276891708374,-0.3437454402446747,-2.968826777293279,1791554381457143038
-5.8425984382629395,-0.3457331955432892,-2.953210363723164,1791554381507178916
-5.85228967666626,-0.347795307636261,-2.937959174789203,1791554381557065067
-5.860110759735107,-0.34956100583076477,-2.925550697297398,1791554381597062002
-5.869879722595215,-0.3518097400665283,-2.9089670163117174,1791554381648171700
-5.879488468170166,-0.3542918562889099,-2.8941066478776363,1791554381697238646
-5.889154434204102,-0.35708874464035034,-2.879599528600399,1791554381747181195
-5.8985819816589355,-0.3597840964794159,-2.8633670689899193,1791554381796882516
-5.909834861755371,-0.3634900748729706,-2.8456368856311585,1791554381857080151
-5.9192705154418945,-0.3664321005344391,-2.830572786547756,1791554381907063500
-5.928515434265137,-0.36983785033226013,-2.8161051266510375,1791554381957051760
-5.935768127441406,-0.37257513403892517,-2.804149398906836,1791554381997143113
-5.945202827453613,-0.3759821653366089,-2.788977160579283,1791554382047109627
-5.954399108886719,-0.3796577751636505,-2.773665716497115,1791554382096842928
-5.9635186195373535,-0.38331109285354614,-2.7577957144721688,1791554382146517150
-5.9725422859191895,-0.3872886300086975,-2.7421741843118634,1791554382198099642
-5.983335018157959,-0.392145037651062,-2.7235512856791204,1791554382257156908
-5.992501258850098,-0.39644718170166016,-2.7075009241527797,1791554382307197802
-6.001285076141357,-0.4007299840450287,-2.692793403867933,1791554382357144193
-6.008143901824951,-0.40427714586257935,-2.6804893078980934,1791554382397197964
-6.0172343254089355,-0.4090564548969269,-2.6655125553354804,1791554382447161715
-6.029707431793213,-0.41588273644447327,-2.6445145975028193,1791554382517174884
-6.034884452819824,-0.418906569480896,-2.6356789924240984,1791554382547194761
-6.04364538192749,-0.42392662167549133,-2.620533698014325,1791554382596816709
-6.053737163543701,-0.43014729022979736,-2.6034964781268144,1791554382657063871
-6.062070846557617,-0.4353647530078888,-2.586730464049816,1791554382707213632
-6.070521354675293,-0.4407387971878052,-2.57038304322794,1791554382758155342
-6.077128887176514,-0.44526880979537964,-2.5585180094137323,1791554382798179738
-6.08527946472168,-0.45083531737327576,-2.5443974077000338,1791554382847187689
-6.093262672424316,-0.456539511680603,-2.5294589784817383,1791554382897055054
-6.101241588592529,-0.4624086618423462,-2.514818222732836,1791554382946949185
-6.109140872955322,-0.46838441491127014,-2.500749177300108,1791554382997129262
-6.118563652038574,-0.47582536935806274,-2.482427215590218,1791554383057081813
-6.126247406005859,-0.48199477791786194,-2.4679116410541115,1791554383107216006
-6.140018939971924,-0.4934691786766052,-2.4396959182028954,1791554383198055060
-6.147431373596191,-0.5001115798950195,-2.424613483966794,1791554383247198984
-6.154514789581299,-0.5065985321998596,-2.4099975505063607,1791554383297251474
-6.161559104919434,-0.513484001159668,-2.3958879698503637,1791554383346973170
-6.168970584869385,-0.5204747915267944,-2.3794723667338635,1791554383396621345
-6.17742395401001,-0.5288022756576538,-2.362547301156991,1791554383456438598
-6.183991432189941,-0.5357738137245178,-2.3487139237990076,1791554383507198191
-6.190792560577393,-0.5429256558418274,-2.332081358096384,1791554383558181991
-6.196271896362305,-0.548819899559021,-2.31968372230978,1791554383599135889
-6.202736854553223,-0.5560327768325806,-2.3052923819907503,1791554383647194307
-6.209258079528809,-0.5634746551513672,-2.29018747757172,1791554383697130974
-6.21571159362793,-0.5713009834289551,-2.2756485025632966,1791554383746481593
-6.222177505493164,-0.5789032578468323,-2.2600616437876497,1791554383798147013
-6.229301929473877,-0.5881829857826233,-2.2426607732765422,1791554383857112553
-6.235208988189697,-0.5959466695785522,-2.2282578552418393,1791554383907258989
-6.240686416625977,-0.6032612919807434,-2.215152804846442,1791554383953283371
-6.2461419105529785,-0.6110966205596924,-2.2017882196168044,1791554384001087392
-6.251711845397949,-0.6191287636756897,-2.1865998296333413,1791554384051223254
-6.2589240074157715,-0.6300114393234253,-2.1663449839809927,1791554384118104368
-6.262187480926514,-0.6352217197418213,-2.1578117529089265,1791554384147125479
-6.267519474029541,-0.6435753703117371,-2.142640662244346,1791554384197675222
-6.273535251617432,-0.6537442803382874,-2.125280713120614,1791554384257250257
-6.278526782989502,-0.6623077392578125,-2.109982058838845,1791554384307153601
-6.283507823944092,-0.6710641384124756,-2.094306406181747,1791554384358092584
-6.287219047546387,-0.6778748035430908,-2.082405525395536,1791554384397114162
-6.292134761810303,-0.687291145324707,-2.067251117491546,1791554384450347876
-6.295879364013672,-0.6949277520179749,-2.054843016594602,1791554384492655298
-6.300402641296387,-0.7037988901138306,-2.039475322801156,1791554384542688842
-6.306080341339111,-0.7163573503494263,-2.0197686852250745,1791554384612169256
-6.3093695640563965,-0.7236133217811584,-2.0081752606329544,1791554384652100670
-6.313137531280518,-0.732789933681488,-1.9944193389707554,1791554384702123351
-6.317511081695557,-0.7428694367408752,-1.9779292693219999,1791554384758073618
-6.320413112640381,-0.7501434087753296,-1.9660763464614959,1791554384798103690
-6.323981761932373,-0.7595845460891724,-1.9523588165365906,1791554384847204032
-6.327417373657227,-0.7689931392669678,-1.9381537654708725,1791554384897164194
-6.330678462982178,-0.7783621549606323,-1.923229061258206,1791554384946333838
-6.334478855133057,-0.7895073890686035,-1.905178720958537,1791554385006867165
-6.337469577789307,-0.7988080978393555,-1.8920875168981748,1791554385057086848
-6.340457916259766,-0.8082392811775208,-1.8766686786628437,1791554385107092639
-6.343224048614502,-0.8179787993431091,-1.861089630304276,1791554385158155682
-6.345305919647217,-0.8255078196525574,-1.8495743346390463,1791554385197286236
-6.347837448120117,-0.8352488279342651,-1.835598457652841,1791554385247683144
-6.350194931030273,-0.8451362252235413,-1.820037289128675,1791554385296696473
-6.3523969650268555,-0.8549886345863342,-1.805597485096609,1791554385346686308
-6.3546648025512695,-0.8665432333946228,-1.7880262843821981,1791554385407631430
-6.35661506652832,-0.876308023929596,-1.7727743791959991,1791554385458202670
-6.358377933502197,-0.8860937356948853,-1.7593994332524767,1791554385507276037
-6.359821319580078,-0.8957852721214294,-1.7463461969930765,1791554385557357804
-6.360997676849365,-0.9035356044769287,-1.7350848248395758,1791554385597085835
-6.362422943115234,-0.9133784174919128,-1.7207703335185782,1791554385646432857
-6.364035606384277,-0.9260447025299072,-1.7022290943865759,1791554385713305614
-6.3647685050964355,-0.9328754544258118,-1.6920941343499765,1791554385747107986
-6.365926742553711,-0.9448277950286865,-1.674775624957114,1791554385807928441
-6.366720676422119,-0.9546085596084595,-1.6599407896692688,1791554385856356471
-6.367468357086182,-0.9646615982055664,-1.645438522006583,1791554385906401490
-6.367863655090332,-0.9738388657569885,-1.6328208524965087,1791554385952371777
-6.368173599243164,-0.9824609756469727,-1.6206867041382464,1791554385996411826
-6.36842155456543,-0.9926086068153381,-1.6061760524693505,1791554386048108171
-6.368631362915039,-1.0024001598358154,-1.592023568555232,1791554386097222945
-6.3686747550964355,-1.0122207403182983,-1.5776693606849312,1791554386148189153
-6.368493556976318,-1.0213569402694702,-1.5658157743805354,1791554386193323696
-6.368135452270508,-1.0340900421142578,-1.5473877931804572,1791554386256486550
-6.3678364753723145,-1.044240117073059,-1.5330829013093006,1791554386308011119
-6.367221355438232,-1.0534183979034424,-1.5196181322212974,1791554386353725650
-6.366575717926025,-1.0620465278625488,-1.5074281841397519,1791554386396782628
-6.365674018859863,-1.0722863674163818,-1.4930341312075839,1791554386446494475
-6.364333629608154,-1.0849014520645142,-1.4742960092190007,1791554386513481122
-6.363653182983398,-1.0914008617401123,-1.4633512346630737,1791554386548168958
-6.362541198730469,-1.1006726026535034,-1.4498749462864502,1791554386594207572
-6.360654354095459,-1.1131161451339722,-1.4326468878629581,1791554386657213881
-6.358982563018799,-1.123086929321289,-1.4187207020900803,1791554386708203146
-6.357301235198975,-1.1320029497146606,-1.4052324622398646,1791554386753502581
-6.355803966522217,-1.1404098272323608,-1.3926339641698762,1791554386797536073
-6.353750705718994,-1.15022611618042,-1.3782749313465406,1791554386846691722
-6.3515448570251465,-1.1600888967514038,-1.363243279942015,1791554386896658132
-6.349222660064697,-1.1697624921798706,-1.3488998817673061,1791554386949193073
-6.346948146820068,-1.1787017583847046,-1.336286429662951,1791554386994191050
-6.3437652587890625,-1.1909514665603638,-1.317544353073855,1791554387057290504
-6.341200828552246,-1.2005430459976196,-1.302876047384606,1791554387108333203
-6.338507175445557,-1.2093499898910522,-1.292138776364977,1791554387154285435
-6.335960388183594,-1.2174748182296753,-1.2797117114636443,1791554387198028667
-6.332932949066162,-1.226999044418335,-1.2643819174379167,1791554387247150312
-6.329823970794678,-1.2361232042312622,-1.250628141663847,1791554387296599084
-6.3265275955200195,-1.245542287826538,-1.2360429800298602,1791554387348440710
-6.322211265563965,-1.2568504810333252,-1.2190002976106638,1791554387408275846
-6.318652629852295,-1.2661912441253662,-1.205144530457086,1791554387457126163
-6.315091133117676,-1.2749600410461426,-1.1920445934593304,1791554387505136833
-6.311183452606201,-1.284058690071106,-1.1779982731190806,1791554387554324299
-6.307689189910889,-1.2919119596481323,-1.166005689377585,1791554387598146853
-6.303541660308838,-1.3009566068649292,-1.1529021525258787,1791554387646792517
-6.2994160652160645,-1.3097378015518188,-1.1391153863437165,1791554387700526589
-6.29524564743042,-1.318310022354126,-1.1259048281918616,1791554387744985292
-6.289669513702393,-1.3292410373687744,-1.107726650566962,1791554387807464961
-6.284874439239502,-1.3381164073944092,-1.093716812441089,1791554387856347053
-6.280397415161133,-1.3464776277542114,-1.0792447966491587,1791554387905139248
-6.2754974365234375,-1.3551084995269775,-1.0652798661059788,1791554387955119891
-6.271220684051514,-1.3624656200408936,-1.052785913968679,1791554387998135222
-6.266021728515625,-1.371014952659607,-1.0385721442997815,1791554388048241407
-6.259027004241943,-1.3822802305221558,-1.0197237233507106,1791554388115225042
-6.255751609802246,-1.3872811794281006,-1.0114252480122778,1791554388145973817
-6.248952388763428,-1.3976269960403442,-0.9942771496682606,1791554388208118096
-6.243235111236572,-1.4059399366378784,-0.9801393551652314,1791554388258558187
-6.237581253051758,-1.4138585329055786,-0.967063279859814,1791554388306137291
-6.231770038604736,-1.421856164932251,-0.9529765826526101,1791554388356126699
-6.226686477661133,-1.4287526607513428,-0.9410826585989418,1791554388397346760
-6.220568656921387,-1.4365204572677612,-0.9277894642844075,1791554388447244354
-6.214425563812256,-1.444449543952942,-0.9137524115202253,1791554388498041646
-6.208280086517334,-1.4519034624099731,-0.9004484612413094,1791554388545602651
-6.200530052185059,-1.4613314867019653,-0.8839424476472606,1791554388607432848
-6.193963050842285,-1.4689732789993286,-0.8693846813074734,1791554388659252007
-6.187767028808594,-1.4759410619735718,-0.8570994746876883,1791554388706292932
-6.181204319000244,-1.4829670190811157,-0.8441061897482931,1791554388756147855
-6.175427436828613,-1.4894603490829468,-0.8314982891331983,1791554388799225525
-6.168460369110107,-1.496675729751587,-0.8177053406119997,1791554388848883737
-6.161694526672363,-1.5035467147827148,-0.803567191303548,1791554388900254372
-6.153136730194092,-1.5118974447250366,-0.7862686224337484,1791554388958423249
-6.147602081298828,-1.5172935724258423,-0.774897093963734,1791554388996291564
-6.138441562652588,-1.5259615182876587,-0.7584070928791389,1791554389060127714
-6.131241798400879,-1.5322051048278809,-0.7469714747639802,1791554389107148058
-6.123955249786377,-1.538748860359192,-0.7322369034554215,1791554389157245471
-6.117603778839111,-1.544288992881775,-0.7203524628265568,1791554389198205866
-6.110045433044434,-1.5505634546279907,-0.7066524981289171,1791554389248300075
-6.1025261878967285,-1.5566242933273315,-0.6932668124263758,1791554389297048501
-6.094443321228027,-1.5630342960357666,-0.6789086560669336,1791554389347012138
-6.085115432739258,-1.5700798034667969,-0.6641230190007592,1791554389407507849
-6.077400207519531,-1.5759801864624023,-0.6493064975639067,1791554389457322420
-6.069199085235596,-1.5818246603012085,-0.6353731552906547,1791554389507222067
-6.061223983764648,-1.587594747543335,-0.6214475594569853,1791554389557178577
-6.054404258728027,-1.592315435409546,-0.6107595514339684,1791554389598151508
-6.046090602874756,-1.5976569652557373,-0.5973139101853914,1791554389648322191
-6.037936210632324,-1.603002905845642,-0.5838753882270763,1791554389697962579
-6.029648303985596,-1.6081982851028442,-0.570646656264353,1791554389746929279
-6.020999431610107,-1.6134921312332153,-0.5568234020720468,1791554389797489575
-6.010825157165527,-1.6194788217544556,-0.5413877229509431,1791554389858207610
-6.002338409423828,-1.6243927478790283,-0.52731404540265,1791554389908143987
-5.993586540222168,-1.629258155822754,-0.5135848070562414,1791554389957353895
-5.9865312576293945,-1.6330504417419434,-0.5018390153988344,1791554389998294659
-5.977701187133789,-1.637548565864563,-0.48827244684210225,1791554390048353946
-5.968885898590088,-1.6417346000671387,-0.47523845713045426,1791554390097144708
-5.9581379890441895,-1.647165060043335,-0.45788944201198717,1791554390157636423
-5.950841426849365,-1.6506112813949585,-0.4470506702202846,1791554390197342371
-5.94014835357666,-1.65546715259552,-0.43039109947388066,1791554390258161433
-5.931056499481201,-1.6592936515808105,-0.4174736899653177,1791554390308168816
-5.922051429748535,-1.66306734085083,-0.405251004578492,1791554390358168903
-5.9143853187561035,-1.6662135124206543,-0.3936278999721819,1791554390398314006
-5.905223846435547,-1.6698431968688965,-0.3801373874997728,1791554390447327011
-5.896119117736816,-1.6731513738632202,-0.36686292147312083,1791554390496328429
-5.884860038757324,-1.6771475076675415,-0.3507038228606306,1791554390557462438
-5.877053260803223,-1.6797658205032349,-0.33922462400522263,1791554390597324158
-5.865838527679443,-1.6834872961044312,-0.3232123810525353,1791554390658319637
-5.856497764587402,-1.6863778829574585,-0.31071569132115073,1791554390707202004
-5.847020626068115,-1.68905770778656,-0.29718173874788556,1791554390757383237
-5.839435577392578,-1.6912496089935303,-0.2861825338246975,1791554390798167633
-5.829943656921387,-1.6937257051467896,-0.27275652605740464,1791554390848598956
-5.820267677307129,-1.6961913108825684,-0.2595801819894481,1791554390898240193
-5.808616638183594,-1.699005126953125,-0.24320438267490838,1791554390957829898
-5.800992965698242,-1.7007505893707275,-0.23249497683078807,1791554390997707585
-5.7893967628479,-1.7031097412109375,-0.21605889570645243,1791554391058178520
-5.779611110687256,-1.7051881551742554,-0.2017720788756931,1791554391108272333
-5.7698493003845215,-1.7069120407104492,-0.18874762856741376,1791554391158243132
-5.762030124664307,-1.708083987236023,-0.17809355599594884,1791554391198226021
-5.752216815948486,-1.7097043991088867,-0.16377542957372282,1791554391248025748
-5.742354393005371,-1.7110751867294312,-0.15012170785218956,1791554391298286466
-5.7324934005737305,-1.712308406829834,-0.13829289474444692,1791554391347731698
-5.7224860191345215,-1.7134279012680054,-0.12506098389497874,1791554391397461760
-5.710682392120361,-1.7146819829940796,-0.10899281923207621,1791554391458175739
-5.700970649719238,-1.7154871225357056,-0.09642032042990747,1791554391508174468
-5.691133499145508,-1.7162059545516968,-0.0831711853469272,1791554391557368432
-5.683023929595947,-1.716744303703308,-0.0722456539957743,1791554391598192380
-5.673238754272461,-1.717151403427124,-0.05889517607675236,1791554391647464334
-5.663318157196045,-1.7174662351608276,-0.04550225072945432,1791554391698307872
-5.6533708572387695,-1.717727780342102,-0.03249723212391144,1791554391748200800
-5.643526554107666,-1.7177734375,-0.0193506379110294,1791554391798151115
-5.63178825378418,-1.7176412343978882,-0.0036525770207951275,1791554391858156421
-5.621901988983154,-1.7174509763717651,0.009870874611503216,1791554391908187409
-5.612120628356934,-1.7171956300735474,0.022441405493457998,1791554391958230014
-5.603938579559326,-1.716718316078186,0.03278319965345902,1791554391997352136
-5.593884468078613,-1.7161973714828491,0.04621411747958896,1791554392047492043
-5.584076881408691,-1.7155060768127441,0.06023463945008462,1791554392098317644
-5.574225425720215,-1.7147700786590576,0.07343146066809413,1791554392148137555
-5.564199924468994,-1.7138316631317139,0.08779056237359738,1791554392198715779
-5.552414417266846,-1.7124930620193481,0.10319396373240693,1791554392258190569
-5.542820453643799,-1.7111963033676147,0.1153651752096421,1791554392308182669
-5.533013343811035,-1.7099132537841797,0.12904076312094218,1791554392358184960
-5.525119781494141,-1.7087270021438599,0.13978059146614846,1791554392399275329
-5.515614032745361,-1.7070740461349487,0.1523723552114182,1791554392447461693
-5.505800724029541,-1.7051922082901,0.16526958267622324,1791554392498111231
-5.496130466461182,-1.7032090425491333,0.1783706078681276,1791554392548163797
-5.486310958862305,-1.701278805732727,0.19145712689457323,1791554392597710118
-5.4746575355529785,-1.69870924949646,0.20733513282652075,1791554392658219600
-5.464828968048096,-1.6964298486709595,0.22091738683070514,1791554392707343162
-5.455327987670898,-1.6940292119979858,0.2338867543872254,1791554392758184311
-5.447344779968262,-1.6920888423919678,0.24411469224136192,1791554392799207684
-5.437741279602051,-1.6894663572311401,0.25739608687724647,1791554392848166998
-5.428296089172363,-1.6866822242736816,0.2708004173548718,1791554392897524984
-5.419032573699951,-1.683856725692749,0.282688892908451,1791554392947812066
-5.40947151184082,-1.6808158159255981,0.29538605049446065,1791554392998351182
-5.398041248321533,-1.6772156953811646,0.3115984080845934,1791554393058179548
-5.388807773590088,-1.6739592552185059,0.32447087899428406,1791554393107328513
-5.379518985748291,-1.6705914735794067,0.33826011978550435,1791554393157355570
-5.372011661529541,-1.6676661968231201,0.34883541163970805,1791554393198201407
-5.362666606903076,-1.6641768217086792,0.3623426075072977,1791554393247387155
-5.353521823883057,-1.6603528261184692,0.3746635270010438,1791554393297756355
-5.344396114349365,-1.6565351486206055,0.3872183561812025,1791554393347409288
-5.335360050201416,-1.6524958610534668,0.39971941431191305,1791554393398210771
-5.324477195739746,-1.6478595733642578,0.41527693452274667,1791554393458201087
-5.315571308135986,-1.6435481309890747,0.4277425243664833,1791554393508311606
-5.306583881378174,-1.639162302017212,0.4404063300652587,1791554393558268770
-5.299496650695801,-1.6356024742126465,0.45044424811543676,1791554393597407946
-5.290712833404541,-1.631087064743042,0.4637293814669478,1791554393647731640
-5.281809329986572,-1.6263666152954102,0.477278729682283,1791554393698236837
